page_id,book,family,correctable_index,role,spans,span_chars,min_conf,clean,parsed,accepted,reason,outside_segments,outside_edits,changed_spans,changed_chars,seconds
book-01-p0046,1,A,3,title,1,4,0.328154,1,1,1,,0,0,0,0,4.58
book-01-p0046,1,A,5,body,1,2,0.257240,1,1,0,outside-changed,1,3,0,0,48.78
book-01-p0059,1,A,5,body,1,9,0.595491,0,1,1,,0,0,1,5,25.82
book-01-p0059,1,A,7,body,1,11,0.556219,0,1,1,,0,0,1,3,33.97
book-01-p0110,1,A,29,body,1,2,0.481823,0,1,1,,0,0,1,1,42.47
book-01-p0117,1,A,32,body,1,1,0.454450,0,1,1,,0,0,1,1,35.30
book-01-p0122,1,A,24,body,1,8,0.522083,1,1,1,,0,0,0,0,28.54
book-01-p0165,1,A,20,body,1,10,0.516467,1,1,1,,0,0,0,0,23.90
book-01-p0165,1,A,33,body,1,10,0.551820,0,1,1,,0,0,1,1,17.60
book-01-p0165,1,A,40,body,1,7,0.266251,0,1,1,,0,0,1,2,33.04
book-01-p0186,1,A,3,body,1,9,0.591449,0,1,1,,0,0,1,1,15.17
book-01-p0250,1,A,18,body,1,1,0.548541,0,1,1,,0,0,1,1,15.80
book-01-p0250,1,A,27,body,1,2,0.473183,1,1,1,,0,0,0,0,13.91
book-01-p0281,1,A,28,body,1,11,0.584895,0,1,1,,0,0,1,5,15.36
book-01-p0285,1,A,21,body,1,8,0.533974,0,1,1,,0,0,1,1,18.13
book-01-p0302,1,A,0,body,1,11,0.527146,0,1,1,,0,0,1,3,19.93
book-02-p0005,2,A,3,body,1,2,0.224979,1,1,1,,0,0,0,0,37.10
book-02-p0005,2,A,6,body,1,7,0.484646,0,1,1,,0,0,1,1,18.59
book-02-p0028,2,A,30,body,1,7,0.513124,0,1,1,,0,0,1,1,35.92
book-02-p0028,2,A,36,body,1,7,0.229055,0,1,1,,0,0,1,3,28.84
book-02-p0028,2,A,39,body,1,10,0.512065,0,1,1,,0,0,1,2,18.39
book-02-p0028,2,A,41,body,1,4,0.300476,1,1,1,,0,0,0,0,48.29
book-02-p0033,2,A,13,body,1,8,0.524143,1,1,1,,0,0,0,0,35.39
book-02-p0033,2,A,32,body,1,10,0.571678,0,1,1,,0,0,1,4,27.86
book-02-p0033,2,A,39,body,1,5,0.529015,1,1,0,outside-changed,1,1,0,0,12.85
book-02-p0073,2,A,0,body,1,8,0.464934,0,1,1,,0,0,1,2,20.96
book-02-p0073,2,A,10,body,1,9,0.539010,0,1,1,,0,0,1,2,28.20
book-02-p0073,2,A,24,body,1,5,0.553986,0,1,1,,0,0,1,3,27.65
book-02-p0098,2,A,41,body,1,2,0.553686,0,1,1,,0,0,1,1,27.34
book-02-p0108,2,A,0,body,1,6,0.546286,0,1,1,,0,0,1,2,30.90
book-02-p0134,2,A,41,body,2,14,0.556667,1,1,0,outside-changed,1,2,0,0,64.96
book-02-p0138,2,A,28,body,1,10,0.436599,1,1,0,outside-changed,1,3,0,0,57.43
book-02-p0148,2,A,41,body,1,12,0.516479,0,1,1,,0,0,1,5,62.13
book-03-p0023,3,A,17,body,1,4,0.385257,1,1,1,,0,0,0,0,48.95
book-03-p0023,3,A,24,body,1,8,0.599892,0,1,1,,0,0,1,2,11.24
book-03-p0023,3,A,26,body,1,9,0.564244,0,1,1,,0,0,1,1,19.50
book-03-p0023,3,A,27,body,1,7,0.435754,0,1,1,,0,0,1,1,26.85
book-03-p0061,3,A,24,body,1,6,0.526636,0,1,1,,0,0,1,3,34.31
book-03-p0061,3,A,42,body,1,3,0.361249,0,1,1,,0,0,1,2,13.14
book-03-p0070,3,A,3,body,1,6,0.502465,1,1,1,,0,0,0,0,26.03
book-03-p0070,3,A,22,body,1,7,0.565164,0,1,1,,0,0,1,1,13.55
book-03-p0070,3,A,36,body,1,5,0.569600,0,1,1,,0,0,1,1,18.79
book-03-p0070,3,A,41,body,1,10,0.358225,0,1,1,,0,0,1,2,24.59
book-03-p0071,3,A,9,body,1,6,0.415019,0,1,1,,0,0,1,2,17.06
book-03-p0071,3,A,16,body,1,5,0.455788,0,1,1,,0,0,1,1,13.93
book-03-p0071,3,A,23,body,1,7,0.592859,0,1,1,,0,0,1,1,26.09
book-03-p0071,3,A,24,body,1,3,0.588344,0,1,1,,0,0,1,3,40.15
book-03-p0071,3,A,31,body,1,8,0.546260,0,1,1,,0,0,1,4,20.86
book-03-p0074,3,A,12,body,1,4,0.562283,0,1,1,,0,0,1,1,19.05
book-03-p0074,3,A,32,body,1,1,0.561064,0,1,1,,0,0,1,1,23.70
book-03-p0081,3,A,34,body,1,12,0.530308,1,1,1,,0,0,0,0,39.81
book-03-p0081,3,A,41,body,1,9,0.433466,0,1,1,,0,0,1,2,18.41
book-03-p0082,3,A,27,body,1,6,0.507673,0,1,1,,0,0,1,1,42.71
book-03-p0082,3,A,32,body,1,3,0.531952,0,1,1,,0,0,1,1,17.87
book-03-p0082,3,A,41,body,2,11,0.500624,0,1,1,,0,0,1,2,15.13
book-03-p0084,3,A,4,body,1,6,0.463462,0,1,1,,0,0,1,1,40.50
book-03-p0084,3,A,19,body,1,7,0.572464,0,1,1,,0,0,1,1,20.81
book-03-p0084,3,A,35,body,1,5,0.394287,0,1,1,,0,0,1,1,11.99
book-03-p0084,3,A,36,body,1,8,0.507987,1,1,0,outside-changed,1,1,0,0,38.88
book-03-p0084,3,A,43,body,2,15,0.550465,1,1,1,,0,0,0,0,30.72
book-03-p0084,3,A,44,body,1,8,0.265654,1,0,0,unparsed,0,0,0,0,49.26
book-03-p0088,3,A,0,body,1,11,0.522253,0,1,1,,0,0,1,1,16.55
book-03-p0088,3,A,4,body,1,3,0.509001,1,0,0,unparsed,0,0,0,0,36.93
book-03-p0088,3,A,40,body,1,4,0.538899,0,1,1,,0,0,1,1,15.17
book-03-p0101,3,A,23,body,1,6,0.509883,1,1,1,,0,0,0,0,15.20
book-03-p0101,3,A,30,body,1,1,0.564237,1,1,1,,0,0,0,0,36.68
book-03-p0101,3,A,35,body,1,5,0.576360,0,1,1,,0,0,1,1,14.75
book-03-p0101,3,A,42,body,1,3,0.524006,0,1,1,,0,0,1,2,37.94
book-03-p0123,3,A,12,body,1,6,0.543214,0,1,1,,0,0,1,4,36.50
book-03-p0123,3,A,28,body,1,7,0.317377,1,1,0,outside-changed,1,6,0,0,31.30
book-03-p0147,3,A,41,body,1,16,0.570533,0,1,1,,0,0,1,2,31.24
book-03-p0158,3,A,0,body,1,3,0.532000,1,1,1,,0,0,0,0,25.27
book-04-p0044,4,A,10,body,1,8,0.595809,0,1,1,,0,0,1,1,49.69
book-04-p0082,4,A,25,body,1,6,0.500483,0,1,1,,0,0,1,1,41.98
book-04-p0082,4,A,40,body,2,18,0.428855,0,1,1,,0,0,2,9,56.85
book-04-p0089,4,A,42,body,1,5,0.382944,0,1,1,,0,0,1,3,58.33
book-04-p0106,4,A,16,body,1,5,0.554840,0,1,1,,0,0,1,1,33.57
book-04-p0106,4,A,20,body,1,5,0.593755,0,1,1,,0,0,1,1,38.98
book-04-p0115,4,A,3,body,1,8,0.545301,0,1,1,,0,0,1,4,38.93
book-04-p0124,4,A,41,body,2,7,0.454540,0,1,1,,0,0,2,3,39.44
book-04-p0189,4,A,2,body,1,11,0.474870,0,1,1,,0,0,1,3,32.41
book-04-p0189,4,A,22,body,1,5,0.550095,0,1,1,,0,0,1,2,29.56
book-04-p0199,4,A,23,body,1,8,0.351243,0,1,1,,0,0,1,2,15.98
book-04-p0232,4,A,7,body,1,9,0.592505,0,1,1,,0,0,1,1,12.09
book-04-p0232,4,A,41,body,1,3,0.280656,1,1,0,outside-changed,1,1,0,0,30.72
book-04-p0239,4,A,1,body,1,2,0.493992,1,1,1,,0,0,1,2,16.49
book-04-p0239,4,A,15,body,1,9,0.587128,0,1,1,,0,0,1,1,34.57
book-04-p0239,4,A,19,body,1,5,0.286534,0,1,1,,0,0,1,1,29.01
book-04-p0240,4,A,5,body,1,6,0.510060,0,1,1,,0,0,1,3,30.19
book-04-p0240,4,A,27,body,1,7,0.478858,1,1,1,,0,0,0,0,33.19
book-05-p0007,5,A,17,body,1,6,0.341421,0,1,1,,0,0,1,2,21.76
book-05-p0007,5,A,23,body,1,8,0.520080,0,1,1,,0,0,1,4,28.66
book-05-p0022,5,A,41,body,2,11,0.350192,0,1,1,,0,0,2,3,36.16
book-05-p0023,5,A,4,body,1,7,0.588834,0,1,1,,0,0,1,2,18.97
book-05-p0024,5,A,13,body,1,2,0.521376,0,1,1,,0,0,1,1,18.17
book-05-p0024,5,A,14,body,1,4,0.539674,0,1,1,,0,0,1,3,11.83
book-05-p0024,5,A,18,body,1,11,0.523135,1,1,1,,0,0,0,0,24.24
book-05-p0024,5,A,41,body,1,15,0.599912,0,1,1,,0,0,1,5,61.78
book-05-p0040,5,A,7,body,1,12,0.560695,0,1,1,,0,0,1,2,18.97
book-05-p0081,5,A,5,body,1,5,0.399997,0,1,1,,0,0,1,2,17.74
book-05-p0081,5,A,43,body,1,10,0.403326,0,1,1,,0,0,1,1,24.52
book-05-p0082,5,A,1,body,1,10,0.538681,0,1,1,,0,0,1,1,13.81
book-05-p0082,5,A,5,body,1,6,0.550358,0,1,1,,0,0,1,1,25.35
book-05-p0082,5,A,7,body,1,4,0.437553,0,1,1,,0,0,1,4,43.32
book-05-p0082,5,A,9,body,1,5,0.439500,0,1,1,,0,0,1,1,35.30
book-05-p0082,5,A,41,body,3,18,0.279380,0,1,1,,0,0,1,1,48.62
book-05-p0115,5,A,13,body,1,5,0.482423,0,1,1,,0,0,1,3,22.15
book-05-p0115,5,A,17,body,1,7,0.598782,0,1,1,,0,0,1,1,18.72
book-05-p0116,5,A,0,body,1,3,0.342927,1,0,0,unparsed,0,0,0,0,41.74
book-05-p0116,5,A,3,body,1,4,0.538847,0,1,1,,0,0,1,1,37.70
book-05-p0116,5,A,13,body,1,4,0.548565,0,1,1,,0,0,1,1,37.90
book-05-p0116,5,A,35,body,1,10,0.534193,1,1,1,,0,0,0,0,71.35
book-05-p0120,5,A,1,body,1,3,0.510184,0,1,1,,0,0,1,2,59.31
book-05-p0120,5,A,41,body,4,33,0.284920,0,1,1,,0,0,3,10,40.05
book-05-p0141,5,A,11,body,1,16,0.566172,0,1,1,,0,0,1,2,20.20
book-05-p0141,5,A,32,body,1,4,0.586620,1,0,0,unparsed,0,0,0,0,68.50
book-05-p0141,5,A,35,body,1,7,0.536980,0,1,1,,0,0,1,4,46.75
book-05-p0141,5,A,42,body,1,4,0.517299,0,1,1,,0,0,1,1,29.75
book-05-p0154,5,A,2,body,1,7,0.492848,0,1,1,,0,0,1,3,47.91
book-05-p0154,5,A,29,body,1,12,0.518545,1,1,1,,0,0,0,0,44.86
book-05-p0165,5,A,2,body,1,8,0.576385,0,1,1,,0,0,1,5,63.93
book-05-p0165,5,A,42,body,1,4,0.576275,0,1,1,,0,0,1,1,31.15
book-05-p0176,5,A,4,body,1,9,0.515145,0,1,1,,0,0,1,2,29.23
book-05-p0179,5,A,2,body,1,9,0.524830,1,1,1,,0,0,0,0,30.14
book-05-p0227,5,A,17,body,1,6,0.575836,0,1,1,,0,0,1,1,27.35
book-05-p0227,5,A,21,body,2,7,0.210849,0,1,1,,0,0,2,3,23.78
book-05-p0229,5,A,2,body,1,7,0.380958,0,1,1,,0,0,1,1,29.72
book-05-p0229,5,A,8,body,1,5,0.520695,0,1,1,,0,0,1,3,39.08
book-05-p0229,5,A,14,body,1,7,0.480268,0,1,1,,0,0,1,4,20.05
book-05-p0229,5,A,27,body,1,4,0.538352,0,1,1,,0,0,1,1,46.35
book-05-p0229,5,A,41,body,1,10,0.584414,0,1,1,,0,0,1,6,44.01
book-05-p0231,5,A,8,body,1,5,0.564562,0,1,1,,0,0,1,1,23.57
book-05-p0231,5,A,26,body,1,8,0.531737,0,1,1,,0,0,1,2,38.98
book-05-p0231,5,A,41,body,1,11,0.515885,1,0,0,unparsed,0,0,0,0,44.95
book-05-p0232,5,A,5,body,1,7,0.504819,0,1,1,,0,0,1,1,22.01
book-05-p0232,5,A,24,body,1,8,0.543220,0,1,1,,0,0,1,2,39.26
book-05-p0232,5,A,41,body,1,2,0.374643,0,1,1,,0,0,1,1,56.14
book-05-p0244,5,A,0,body,1,10,0.535134,0,1,1,,0,0,1,1,36.09
book-05-p0244,5,A,10,body,1,12,0.530499,0,1,1,,0,0,1,1,53.16
book-06-p0010,6,A,0,body,1,5,0.393384,0,1,1,,0,0,1,2,22.17
book-06-p0010,6,A,1,body,1,8,0.554440,0,1,1,,0,0,1,4,50.52
book-06-p0010,6,A,5,body,1,2,0.575310,0,1,1,,0,0,1,1,19.55
book-06-p0010,6,A,11,body,1,6,0.491560,1,0,0,unparsed,0,0,0,0,39.35
book-06-p0010,6,A,15,body,1,7,0.532989,1,1,1,,0,0,0,0,45.65
book-06-p0010,6,A,20,body,1,6,0.580287,0,1,1,,0,0,1,1,10.70
book-06-p0010,6,A,21,body,1,4,0.548373,0,1,1,,0,0,1,3,13.21
book-06-p0010,6,A,45,body,2,14,0.501179,0,1,1,,0,0,2,3,27.39
book-06-p0010,6,A,53,body,1,9,0.532994,0,1,1,,0,0,1,2,20.27
book-06-p0010,6,A,56,body,2,15,0.484562,1,1,1,,0,0,0,0,55.00
book-06-p0030,6,A,18,body,1,7,0.516713,1,1,1,,0,0,0,0,22.67
book-06-p0048,6,A,30,body,1,5,0.210472,1,1,1,,0,0,0,0,35.59
book-06-p0048,6,A,32,body,1,3,0.440454,0,1,1,,0,0,1,1,28.84
book-06-p0048,6,A,36,body,1,4,0.183875,0,1,1,,0,0,1,2,18.39
book-06-p0048,6,A,40,body,1,3,0.464614,0,1,1,,0,0,1,1,59.56
book-06-p0058,6,A,0,body,1,12,0.518147,0,1,1,,0,0,1,1,38.90
book-06-p0058,6,A,8,body,1,1,0.579789,0,1,1,,0,0,1,1,18.91
book-06-p0058,6,A,29,body,1,4,0.431936,0,1,1,,0,0,1,4,49.57
book-06-p0058,6,A,42,body,1,6,0.489262,0,1,1,,0,0,1,1,35.05
book-06-p0058,6,A,44,body,1,12,0.538025,0,1,1,,0,0,1,1,13.69
book-06-p0062,6,A,41,body,1,6,0.591225,0,1,1,,0,0,1,5,22.49
book-06-p0071,6,A,0,body,1,10,0.587668,1,1,1,,0,0,0,0,18.34
book-06-p0071,6,A,7,body,1,7,0.583430,0,1,1,,0,0,1,1,57.06
book-06-p0071,6,A,23,body,1,7,0.422172,1,1,1,,0,0,0,0,23.30
book-06-p0071,6,A,35,body,1,8,0.597262,0,1,1,,0,0,1,1,13.16
book-06-p0071,6,A,41,body,2,13,0.395602,0,1,1,,0,0,2,3,25.22
book-06-p0075,6,A,1,body,1,7,0.555246,1,1,1,,0,0,0,0,21.75
book-06-p0075,6,A,14,body,1,2,0.512702,0,1,1,,0,0,1,1,13.06
book-06-p0075,6,A,41,body,1,8,0.537347,0,1,1,,0,0,1,1,16.90
book-06-p0090,6,A,5,body,1,8,0.504596,0,1,1,,0,0,1,2,13.53
book-06-p0090,6,A,11,body,1,12,0.531102,0,1,1,,0,0,1,2,27.20
book-06-p0090,6,A,12,body,2,10,0.142315,0,1,1,,0,0,2,5,27.63
book-06-p0090,6,A,39,body,1,12,0.535677,0,1,1,,0,0,1,1,52.33
book-06-p0095,6,A,9,body,1,11,0.599751,0,1,1,,0,0,1,2,24.74
book-06-p0142,6,A,36,body,1,6,0.517528,1,1,1,,0,0,1,5,20.09
book-06-p0142,6,A,42,body,1,9,0.378323,0,1,1,,0,0,1,1,48.86
book-06-p0179,6,A,15,body,1,8,0.565690,0,1,1,,0,0,1,4,32.17
book-06-p0187,6,A,23,body,1,5,0.577065,1,1,1,,0,0,0,0,55.70
book-06-p0187,6,A,42,body,1,4,0.418641,0,1,1,,0,0,1,2,21.91
book-06-p0201,6,A,17,body,1,7,0.572724,0,1,1,,0,0,1,3,42.56
book-06-p0209,6,A,15,body,1,4,0.542699,0,1,1,,0,0,1,1,32.72
book-06-p0209,6,A,42,body,1,3,0.591992,0,1,1,,0,0,1,5,32.34
book-06-p0250,6,A,41,body,1,17,0.502712,0,1,1,,0,0,1,5,28.44
book-06-p0263,6,A,6,body,1,4,0.598817,0,1,1,,0,0,1,2,26.43
book-07-p0005,7,A,0,body,1,8,0.258595,0,1,1,,0,0,1,1,32.65
book-07-p0005,7,A,1,body,2,7,0.225524,0,1,1,,0,0,1,1,35.58
book-07-p0019,7,A,2,body,2,15,0.502225,0,1,1,,0,0,1,1,38.16
book-07-p0019,7,A,7,body,1,6,0.573823,0,1,1,,0,0,1,6,31.81
book-07-p0019,7,A,23,body,1,7,0.423617,0,1,1,,0,0,1,1,21.33
book-07-p0019,7,A,41,body,1,17,0.470377,0,1,1,,0,0,1,2,48.18
book-07-p0021,7,A,15,body,1,10,0.568536,0,1,1,,0,0,1,1,26.23
book-07-p0021,7,A,19,body,1,5,0.425852,0,1,1,,0,0,1,3,31.85
book-07-p0030,7,A,3,body,1,5,0.543112,1,1,1,,0,0,0,0,25.58
book-07-p0030,7,A,6,body,1,4,0.562946,0,1,1,,0,0,1,2,27.04
book-07-p0030,7,A,31,body,2,14,0.528363,1,0,0,unparsed,0,0,0,0,45.25
book-07-p0030,7,A,39,body,1,6,0.509717,0,1,1,,0,0,1,2,39.12
book-07-p0038,7,A,3,body,1,8,0.454415,1,1,1,,0,0,0,0,19.23
book-07-p0038,7,A,17,body,1,6,0.592266,1,1,1,,0,0,0,0,52.50
book-07-p0038,7,A,24,body,1,9,0.510837,1,1,1,,0,0,0,0,34.44
book-07-p0067,7,A,18,body,1,7,0.528129,0,1,1,,0,0,1,1,20.96
book-07-p0067,7,A,21,body,1,5,0.410993,0,1,1,,0,0,1,3,53.54
book-07-p0104,7,A,0,body,1,5,0.533619,0,1,1,,0,0,1,1,32.72
book-07-p0104,7,A,20,body,1,7,0.570634,0,1,1,,0,0,1,2,16.66
book-07-p0104,7,A,29,body,1,5,0.544910,0,1,1,,0,0,1,1,34.64
book-07-p0156,7,A,42,body,1,5,0.500209,0,1,1,,0,0,1,3,30.41
book-07-p0166,7,A,19,body,1,8,0.510841,0,1,1,,0,0,1,3,20.54
book-07-p0191,7,A,37,body,1,9,0.377111,1,1,1,,0,0,0,0,16.84
book-07-p0197,7,A,0,body,1,3,0.502096,1,1,1,,0,0,0,0,13.68
book-07-p0234,7,A,41,body,1,1,0.552206,1,1,1,,0,0,0,0,18.33
book-07-p0236,7,A,23,body,1,4,0.531053,1,1,1,,0,0,0,0,20.77
book-07-p0245,7,A,1,title,1,6,0.538418,1,1,1,,0,0,0,0,37.50
book-07-p0245,7,A,2,title,1,5,0.383119,0,1,1,,0,0,1,1,15.58
book-07-p0259,7,A,11,body,1,6,0.530857,0,1,1,,0,0,1,1,33.62
book-07-p0259,7,A,20,body,1,10,0.509262,0,1,1,,0,0,1,1,18.97
book-08-p0019,8,A,0,body,1,8,0.535685,1,1,1,,0,0,0,0,33.00
book-08-p0019,8,A,2,body,1,5,0.521804,0,1,1,,0,0,1,2,22.78
book-08-p0019,8,A,3,body,1,6,0.589194,0,1,1,,0,0,1,2,29.42
book-08-p0019,8,A,5,body,1,6,0.504724,0,1,1,,0,0,1,2,25.84
book-08-p0019,8,A,7,body,1,6,0.516226,0,1,1,,0,0,1,5,15.88
book-08-p0019,8,A,8,body,1,8,0.510590,0,1,1,,0,0,1,2,21.62
book-08-p0019,8,A,9,body,1,17,0.497633,0,1,1,,0,0,1,2,10.66
book-08-p0019,8,A,12,body,1,8,0.519453,0,1,1,,0,0,1,1,42.47
book-08-p0019,8,A,13,body,1,8,0.398215,0,1,1,,0,0,1,2,11.12
book-08-p0019,8,A,16,body,1,6,0.497236,0,1,1,,0,0,1,1,40.59
book-08-p0019,8,A,22,body,1,8,0.571051,0,1,1,,0,0,1,2,31.07
book-08-p0019,8,A,24,body,1,7,0.441954,0,1,1,,0,0,1,1,30.25
book-08-p0019,8,A,25,body,1,5,0.579151,0,1,1,,0,0,1,2,17.22
book-08-p0019,8,A,26,body,1,6,0.598398,0,1,1,,0,0,1,2,32.31
book-08-p0019,8,A,27,body,1,16,0.377401,0,1,1,,0,0,1,2,15.29
book-08-p0019,8,A,28,body,1,8,0.524476,0,1,1,,0,0,1,1,28.74
book-08-p0019,8,A,36,body,1,6,0.471330,1,1,1,,0,0,0,0,17.29
book-08-p0019,8,A,38,body,1,2,0.571811,0,1,1,,0,0,1,2,32.45
book-08-p0019,8,A,39,body,1,6,0.498437,0,1,1,,0,0,1,2,28.48
book-08-p0019,8,A,40,body,1,8,0.521087,0,1,1,,0,0,1,2,27.55
book-08-p0019,8,A,42,body,1,6,0.578931,0,1,1,,0,0,1,1,24.94
book-08-p0019,8,A,46,body,2,13,0.555219,0,1,1,,0,0,2,9,33.40
book-08-p0019,8,A,47,body,1,9,0.495302,1,1,1,,0,0,0,0,47.24
book-08-p0019,8,A,48,body,1,6,0.510572,1,1,0,outside-changed,1,0,0,0,24.02
book-08-p0019,8,A,51,body,1,5,0.590710,0,1,1,,0,0,1,2,29.94
book-08-p0019,8,A,53,body,1,7,0.390973,0,1,1,,0,0,1,1,12.44
book-08-p0019,8,A,55,body,2,10,0.469001,0,1,1,,0,0,1,3,42.92
book-08-p0029,8,A,4,body,1,4,0.464141,1,1,1,,0,0,0,0,18.00
book-08-p0036,8,A,14,body,1,3,0.578594,0,1,1,,0,0,1,3,36.12
book-08-p0036,8,A,19,title,1,8,0.554773,0,1,1,,0,0,1,3,19.48
book-08-p0084,8,A,37,body,1,11,0.572676,1,1,1,,0,0,0,0,35.17
book-08-p0088,8,A,1,body,2,8,0.443780,1,0,0,unparsed,0,0,0,0,31.66
book-08-p0088,8,A,41,body,1,3,0.512545,1,1,1,,0,0,1,1,28.28
book-08-p0126,8,A,0,body,1,9,0.388274,0,1,1,,0,0,1,1,26.85
book-08-p0126,8,A,3,body,1,4,0.558000,0,1,1,,0,0,1,2,23.46
book-08-p0126,8,A,5,body,1,7,0.582885,0,1,1,,0,0,1,3,15.87
book-08-p0126,8,A,12,body,1,7,0.527318,0,1,1,,0,0,1,3,15.47
book-08-p0126,8,A,35,body,1,6,0.573638,0,1,1,,0,0,1,1,33.36
book-08-p0126,8,A,40,body,1,9,0.561519,0,1,1,,0,0,1,3,19.11
book-08-p0151,8,A,18,body,1,5,0.549648,0,1,1,,0,0,1,2,29.40
book-08-p0151,8,A,26,body,1,5,0.591747,0,1,1,,0,0,1,1,17.78
book-08-p0180,8,A,3,body,1,4,0.492566,1,1,1,,0,0,0,0,20.73
book-08-p0180,8,A,6,body,1,4,0.590785,0,1,1,,0,0,1,2,16.62
book-08-p0185,8,A,26,body,1,2,0.407427,0,1,1,,0,0,1,1,14.19
book-08-p0185,8,A,35,body,1,7,0.505344,1,1,0,outside-changed,1,1,0,0,34.69
book-08-p0208,8,A,0,body,1,4,0.500405,1,1,1,,0,0,0,0,15.99
book-08-p0208,8,A,1,body,1,8,0.409074,0,1,1,,0,0,1,3,41.26
book-08-p0208,8,A,2,body,1,5,0.397160,0,1,1,,0,0,1,1,9.42
book-08-p0208,8,A,8,body,1,11,0.580246,1,0,0,unparsed,0,0,0,0,42.48
book-08-p0216,8,A,17,body,1,3,0.462381,1,1,0,outside-changed,1,1,0,0,18.06
book-08-p0216,8,A,23,body,1,3,0.213102,0,1,1,,0,0,1,3,17.45
book-08-p0216,8,A,25,body,1,6,0.546423,0,1,1,,0,0,1,1,35.46
book-08-p0223,8,A,5,body,1,5,0.578087,0,1,1,,0,0,1,2,17.01
book-08-p0237,8,A,6,body,1,1,0.452790,1,1,1,,0,0,0,0,36.71
book-08-p0238,8,A,0,body,1,8,0.574170,0,1,1,,0,0,1,2,22.16
book-08-p0238,8,A,2,body,1,6,0.494229,0,1,1,,0,0,1,3,39.84
book-08-p0238,8,A,10,body,1,7,0.453781,0,1,1,,0,0,1,1,14.68
book-08-p0238,8,A,29,body,1,2,0.543096,0,1,1,,0,0,1,1,31.19
book-08-p0246,8,A,9,body,1,7,0.558407,0,1,1,,0,0,1,2,35.68
book-08-p0289,8,A,7,body,1,14,0.561554,1,1,0,outside-changed,1,1,0,0,45.19
book-08-p0310,8,A,24,body,1,11,0.564106,0,1,1,,0,0,1,3,26.56
book-08-p0317,8,A,0,body,1,7,0.518331,0,1,1,,0,0,1,2,18.70
book-08-p0336,8,A,10,body,1,5,0.583557,1,1,1,,0,0,0,0,22.86
book-08-p0336,8,A,36,body,1,5,0.529105,0,1,1,,0,0,1,1,24.95
book-08-p0349,8,A,5,body,1,7,0.394248,0,1,1,,0,0,1,2,31.48
book-08-p0349,8,A,15,body,1,6,0.568133,0,1,1,,0,0,1,2,16.16
book-08-p0349,8,A,21,body,1,7,0.517457,0,1,1,,0,0,1,4,22.65
book-08-p0349,8,A,26,body,1,4,0.583942,0,1,1,,0,0,1,4,21.46
book-08-p0349,8,A,39,body,1,7,0.582036,0,1,1,,0,0,1,2,27.85
book-08-p0355,8,A,9,body,1,6,0.537932,0,1,1,,0,0,1,1,18.23
book-08-p0355,8,A,11,body,1,10,0.593927,1,1,1,,0,0,0,0,21.94
book-08-p0382,8,A,13,body,1,3,0.431299,0,1,1,,0,0,1,1,14.98
book-09-p0001,9,A,0,body,1,4,0.357541,0,1,1,,0,0,1,1,30.51
book-09-p0001,9,A,1,body,2,16,0.312888,0,1,1,,0,0,2,6,26.94
book-09-p0001,9,A,2,body,2,9,0.347557,0,1,1,,0,0,2,4,24.37
book-09-p0001,9,A,3,body,3,16,0.364501,0,1,1,,0,0,1,2,30.05
book-09-p0001,9,A,4,body,3,18,0.370255,0,1,1,,0,0,2,3,33.87
book-09-p0001,9,A,5,body,1,14,0.340111,0,1,1,,0,0,1,10,15.38
book-09-p0018,9,A,13,body,1,8,0.559231,1,1,1,,0,0,0,0,23.61
book-09-p0018,9,A,17,body,1,7,0.559376,0,1,1,,0,0,1,7,31.54
book-09-p0018,9,A,23,body,1,5,0.593112,1,1,1,,0,0,0,0,18.57
book-09-p0033,9,A,3,body,1,5,0.524764,0,1,1,,0,0,1,1,25.03
book-09-p0033,9,A,43,body,1,4,0.310253,0,1,1,,0,0,1,2,37.33
book-09-p0068,9,A,2,body,1,7,0.528245,1,1,0,outside-changed,1,2,0,0,39.36
book-09-p0161,9,A,21,body,1,6,0.418150,0,1,1,,0,0,1,2,25.40
book-09-p0164,9,A,33,body,1,10,0.587577,1,1,1,,0,0,0,0,25.76
book-09-p0164,9,A,35,body,1,9,0.565473,1,1,1,,0,0,0,0,22.71
book-09-p0182,9,A,6,body,1,5,0.575205,0,1,1,,0,0,1,1,18.79
book-09-p0182,9,A,37,body,1,8,0.597027,0,1,1,,0,0,1,2,31.07
book-09-p0182,9,A,38,body,1,2,0.591762,0,1,1,,0,0,1,1,44.14
book-09-p0200,9,A,40,body,1,4,0.551157,0,1,1,,0,0,1,1,32.75
book-09-p0200,9,A,42,body,2,7,0.509000,1,1,1,,0,0,0,0,46.20
book-09-p0217,9,A,4,body,1,14,0.412175,1,0,0,unparsed,0,0,0,0,48.24
book-09-p0233,9,A,23,body,1,5,0.564118,0,1,1,,0,0,1,1,20.45
book-09-p0280,9,A,6,body,1,5,0.546674,0,1,1,,0,0,1,3,27.15
book-09-p0280,9,A,12,body,1,1,0.499713,0,1,1,,0,0,1,1,26.79
book-09-p0280,9,A,27,body,1,1,0.546491,0,1,1,,0,0,1,1,16.63
book-09-p0280,9,A,42,body,1,1,0.577571,1,1,0,outside-changed,1,1,0,0,47.72
book-09-p0283,9,A,20,body,1,7,0.430969,1,1,1,,0,0,0,0,42.34
book-09-p0302,9,A,0,body,1,2,0.551046,1,1,1,,0,0,0,0,42.42
book-09-p0309,9,A,40,body,1,9,0.520066,1,1,1,,0,0,0,0,10.32
book-09-p0309,9,A,43,body,1,5,0.257506,0,1,1,,0,0,1,2,32.11
book-09-p0322,9,A,2,body,1,10,0.499756,1,1,1,,0,0,0,0,10.95
book-09-p0332,9,A,22,body,1,7,0.503320,0,1,1,,0,0,1,1,31.66
book-09-p0333,9,A,0,body,1,5,0.402286,0,1,1,,0,0,1,2,33.12
book-09-p0333,9,A,40,body,1,5,0.499427,1,0,0,unparsed,0,0,0,0,40.58
book-09-p0333,9,A,43,body,1,5,0.486929,0,1,1,,0,0,1,2,51.48
book-09-p0369,9,A,20,body,1,13,0.591094,0,1,1,,0,0,1,1,33.48
book-09-p0382,9,A,14,body,1,1,0.538948,0,1,1,,0,0,1,1,25.21
book-10-p0012,10,A,9,body,1,2,0.531675,0,1,1,,0,0,1,2,17.00
book-10-p0012,10,A,12,body,1,4,0.475333,1,1,1,,0,0,0,0,59.48
book-10-p0012,10,A,17,body,1,2,0.279025,0,1,1,,0,0,1,1,35.65
book-10-p0012,10,A,40,body,1,4,0.368160,0,1,1,,0,0,1,3,14.94
book-10-p0022,10,A,2,body,1,5,0.498960,0,1,1,,0,0,1,2,40.20
book-10-p0028,10,A,1,body,1,4,0.596679,1,1,1,,0,0,0,0,56.69
book-10-p0028,10,A,8,title,1,8,0.403617,0,1,1,,0,0,1,1,34.45
book-10-p0028,10,A,10,body,1,4,0.477346,0,1,1,,0,0,1,2,16.33
book-10-p0028,10,A,14,body,1,4,0.508459,0,1,1,,0,0,1,2,29.87
book-10-p0028,10,A,18,body,1,15,0.551350,0,1,1,,0,0,1,2,16.50
book-10-p0032,10,A,14,body,1,6,0.558512,0,1,1,,0,0,1,3,54.98
book-10-p0032,10,A,21,body,1,6,0.563652,1,1,1,,0,0,0,0,18.30
book-10-p0032,10,A,27,body,1,2,0.568040,0,1,1,,0,0,1,1,28.36
book-10-p0033,10,A,37,body,1,8,0.596577,1,1,1,,0,0,0,0,20.15
book-10-p0033,10,A,42,body,1,8,0.285612,0,1,1,,0,0,1,2,31.02
book-10-p0062,10,A,16,body,1,9,0.577444,1,0,0,unparsed,0,0,0,0,25.87
book-10-p0099,10,A,18,body,1,5,0.526654,0,1,1,,0,0,1,1,7.88
book-10-p0099,10,A,42,body,1,10,0.457042,1,0,0,unparsed,0,0,0,0,47.75
book-10-p0099,10,A,43,body,1,4,0.550168,1,1,1,,0,0,0,0,14.26
book-10-p0104,10,A,0,body,1,1,0.539917,0,1,1,,0,0,1,2,10.27
book-10-p0104,10,A,21,body,1,10,0.549778,1,1,1,,0,0,0,0,47.51
book-10-p0110,10,A,7,body,1,4,0.561822,0,1,1,,0,0,1,2,22.22
book-10-p0110,10,A,30,body,1,12,0.477197,1,1,1,,0,0,0,0,37.83
book-10-p0110,10,A,40,body,1,7,0.512269,0,1,1,,0,0,1,4,22.30
book-10-p0110,10,A,42,body,1,5,0.281355,1,1,1,,0,0,0,0,34.01
book-10-p0130,10,A,10,body,1,8,0.541033,0,1,1,,0,0,1,4,41.64
book-10-p0130,10,A,41,body,1,3,0.447735,0,1,1,,0,0,1,1,21.52
book-10-p0134,10,A,23,body,1,1,0.411363,1,1,1,,0,0,0,0,20.63
book-10-p0151,10,A,41,body,1,7,0.556815,0,1,1,,0,0,1,1,23.44
book-10-p0178,10,A,9,body,1,5,0.559310,0,1,1,,0,0,1,1,22.65
book-10-p0181,10,A,42,body,1,8,0.531843,0,1,1,,0,0,1,2,22.37
book-10-p0196,10,A,42,body,1,9,0.505601,0,1,1,,0,0,1,1,34.25
book-10-p0200,10,A,0,body,1,1,0.555331,0,1,1,,0,0,1,1,28.11
book-10-p0205,10,A,7,body,1,8,0.536147,0,1,1,,0,0,1,1,25.92
book-10-p0205,10,A,10,title,1,6,0.529886,0,1,1,,0,0,1,1,17.97
book-10-p0243,10,A,30,body,1,6,0.566037,0,1,1,,0,0,1,2,18.78
book-10-p0272,10,A,4,body,1,6,0.597910,0,1,1,,0,0,1,1,17.58
book-11-p0001,11,A,0,body,1,4,0.513765,1,1,1,,0,0,0,0,15.40
book-11-p0001,11,A,1,body,2,16,0.135097,1,0,0,unparsed,0,0,0,0,45.18
book-11-p0001,11,A,2,body,2,12,0.509057,0,1,1,,0,0,1,3,51.91
book-11-p0001,11,A,3,body,2,18,0.259352,0,1,1,,0,0,2,6,67.03
book-11-p0001,11,A,4,body,2,22,0.184833,1,0,0,unparsed,0,0,0,0,52.10
book-11-p0001,11,A,5,body,1,16,0.579484,0,1,1,,0,0,1,1,41.16
book-11-p0005,11,A,20,body,1,6,0.517291,0,1,1,,0,0,1,6,12.37
book-11-p0049,11,A,43,body,1,4,0.417300,0,1,1,,0,0,1,1,19.84
book-11-p0073,11,A,26,title,1,1,0.529739,0,1,1,,0,0,1,1,55.25
book-11-p0099,11,A,35,body,1,15,0.522048,1,0,0,unparsed,0,0,0,0,79.05
book-11-p0121,11,A,16,body,1,9,0.580636,0,1,1,,0,0,1,3,70.19
book-11-p0125,11,A,8,body,1,2,0.538385,1,1,1,,0,0,0,0,41.71
book-11-p0153,11,A,29,body,1,5,0.507423,1,1,1,,0,0,0,0,38.61
book-11-p0169,11,A,0,body,1,9,0.548352,0,1,1,,0,0,1,2,56.97
book-11-p0169,11,A,16,body,1,5,0.502007,0,1,1,,0,0,1,1,43.94
book-11-p0169,11,A,26,body,1,3,0.550674,1,1,1,,0,0,0,0,64.84
book-11-p0170,11,A,4,title,1,6,0.498626,0,1,1,,0,0,1,1,73.87
book-11-p0170,11,A,14,body,1,10,0.497699,0,1,1,,0,0,1,4,47.37
book-11-p0170,11,A,23,body,1,6,0.521422,0,1,1,,0,0,1,1,36.52
book-11-p0175,11,A,0,body,1,7,0.479176,1,1,1,,0,0,0,0,61.97
book-11-p0189,11,A,41,body,1,7,0.544637,0,1,1,,0,0,1,1,57.16
book-11-p0198,11,A,1,body,1,2,0.505248,0,1,1,,0,0,1,1,20.31
book-11-p0198,11,A,18,body,1,7,0.536972,0,1,1,,0,0,1,1,11.73
book-11-p0198,11,A,41,body,1,8,0.424766,0,1,1,,0,0,1,1,19.42
book-11-p0198,11,A,42,body,5,40,0.350996,0,1,1,,0,0,3,6,41.96
book-11-p0201,11,A,16,title,1,7,0.535845,1,1,1,,0,0,0,0,12.06
book-11-p0206,11,A,0,body,1,2,0.240171,0,1,1,,0,0,1,2,12.83
book-11-p0206,11,A,19,body,1,8,0.554303,0,1,1,,0,0,1,1,13.92
book-11-p0206,11,A,37,body,1,5,0.558525,0,1,1,,0,0,1,3,19.99
book-11-p0217,11,A,9,body,1,13,0.590590,1,1,1,,0,0,0,0,13.60
book-11-p0217,11,A,14,body,1,5,0.575540,1,1,0,outside-changed,1,1,0,0,19.02
book-11-p0217,11,A,28,body,1,7,0.515409,0,1,1,,0,0,1,2,25.08
book-11-p0217,11,A,38,body,1,9,0.560295,0,1,1,,0,0,1,6,56.38
book-11-p0219,11,A,23,body,1,6,0.579390,0,1,1,,0,0,1,2,12.91
book-11-p0237,11,A,27,title,1,8,0.561923,0,1,1,,0,0,1,1,20.90
book-11-p0237,11,A,28,body,1,5,0.585241,0,1,1,,0,0,1,2,40.40
book-11-p0249,11,A,7,body,1,3,0.515054,0,1,1,,0,0,1,2,49.78
book-11-p0282,11,A,0,body,1,6,0.406515,1,1,1,,0,0,0,0,52.09
book-11-p0285,11,A,15,body,1,9,0.539745,0,1,1,,0,0,1,1,53.85
book-11-p0285,11,A,38,body,1,6,0.540268,0,1,1,,0,0,1,1,11.62
book-11-p0291,11,A,1,title,1,5,0.565784,1,1,1,,0,0,0,0,44.76
book-11-p0291,11,A,14,body,1,6,0.456010,1,1,1,,0,0,0,0,12.24
book-11-p0308,11,A,0,body,1,1,0.532361,0,1,1,,0,0,1,1,28.13
book-11-p0308,11,A,14,title,1,6,0.536617,0,1,1,,0,0,1,2,13.83
book-11-p0324,11,A,0,body,1,2,0.523580,1,1,1,,0,0,0,0,14.42
book-12-p0014,12,A,1,body,1,2,0.580238,1,1,1,,0,0,0,0,14.14
book-12-p0014,12,A,4,body,1,8,0.362912,0,1,1,,0,0,1,2,18.99
book-12-p0014,12,A,5,body,1,6,0.471117,0,1,1,,0,0,1,1,15.98
book-12-p0014,12,A,10,body,2,12,0.454532,0,1,1,,0,0,2,9,39.42
book-12-p0014,12,A,27,body,1,5,0.571787,0,1,1,,0,0,1,1,29.31
book-12-p0014,12,A,33,body,1,5,0.509270,0,1,1,,0,0,1,2,39.78
book-12-p0014,12,A,37,body,1,6,0.588742,0,1,1,,0,0,1,2,13.57
book-12-p0014,12,A,39,body,1,8,0.539169,0,1,1,,0,0,1,6,25.74
book-12-p0014,12,A,46,body,1,8,0.478132,1,1,1,,0,0,0,0,18.06
book-12-p0014,12,A,50,body,1,6,0.519264,0,1,1,,0,0,1,2,31.80
book-12-p0014,12,A,51,body,1,7,0.598932,0,1,1,,0,0,1,4,32.57
book-12-p0014,12,A,55,body,2,10,0.425081,0,1,1,,0,0,2,4,48.93
book-12-p0014,12,A,56,body,2,14,0.517977,1,0,0,unparsed,0,0,0,0,73.32
book-12-p0014,12,A,57,body,5,30,0.335926,0,1,1,,0,0,5,13,46.30
book-12-p0046,12,A,26,body,1,2,0.574020,0,1,1,,0,0,1,1,19.65
book-12-p0046,12,A,32,body,1,4,0.565372,0,1,1,,0,0,1,2,13.81
book-12-p0072,12,A,14,body,1,8,0.599657,1,1,1,,0,0,0,0,19.37
book-12-p0072,12,A,42,body,1,5,0.545262,0,1,1,,0,0,1,1,15.83
book-12-p0085,12,A,32,body,1,5,0.554510,1,1,0,outside-changed,1,2,0,0,19.72
book-12-p0168,12,A,25,body,1,1,0.495893,1,1,1,,0,0,0,0,16.53
book-12-p0213,12,A,16,body,1,7,0.452037,0,1,1,,0,0,1,2,24.97
book-12-p0213,12,A,42,body,1,3,0.500386,0,1,1,,0,0,1,3,36.90
book-12-p0223,12,A,22,title,1,10,0.568202,1,1,1,,0,0,0,0,24.55
book-12-p0223,12,A,27,title,1,2,0.355018,1,0,0,unparsed,0,0,0,0,35.21
book-12-p0225,12,A,1,body,1,5,0.498644,1,1,1,,0,0,0,0,25.07
book-12-p0225,12,A,13,body,1,9,0.454875,0,1,1,,0,0,1,2,34.03
book-12-p0225,12,A,34,body,1,12,0.539908,1,0,0,unparsed,0,0,0,0,41.85
book-12-p0242,12,A,1,body,1,8,0.333542,0,1,1,,0,0,1,1,22.27
book-12-p0242,12,A,21,body,1,1,0.536231,0,1,1,,0,0,1,2,42.07
book-12-p0242,12,A,40,body,1,6,0.567826,0,1,1,,0,0,1,1,17.82
book-12-p0255,12,A,11,title,1,6,0.586261,0,1,1,,0,0,1,1,19.61
book-12-p0256,12,A,10,body,1,10,0.597223,0,1,1,,0,0,1,1,43.59
book-12-p0266,12,A,7,body,1,6,0.564263,1,1,1,,0,0,0,0,18.75
book-12-p0266,12,A,30,body,1,2,0.483095,0,1,1,,0,0,1,2,20.61
book-12-p0266,12,A,33,body,1,12,0.525274,0,1,1,,0,0,1,1,18.00
book-12-p0304,12,A,2,body,1,5,0.433729,0,1,1,,0,0,1,2,17.60
book-12-p0363,12,A,40,body,1,4,0.501366,1,1,1,,0,0,0,0,20.88
book-12-p0370,12,A,9,body,1,11,0.495324,0,1,1,,0,0,1,1,19.94
book-12-p0372,12,A,25,body,1,11,0.581732,0,1,1,,0,0,1,1,16.37
book-12-p0376,12,A,42,body,1,8,0.585693,0,1,1,,0,0,1,4,35.62
book-12-p0407,12,A,15,body,1,5,0.586793,1,1,1,,0,0,0,0,36.54
book-12-p0407,12,A,42,body,1,3,0.566041,1,1,0,outside-changed,1,3,0,0,32.75
book-12-p0407,12,A,43,body,2,6,0.278849,1,0,0,unparsed,0,0,0,0,39.06
book-12-p0421,12,A,36,body,1,6,0.512398,1,1,1,,0,0,0,0,40.11
book-12-p0424,12,A,31,body,1,7,0.507444,0,1,1,,0,0,1,1,34.92
book-12-p0478,12,A,38,body,1,4,0.598671,1,1,1,,0,0,0,0,26.40
book-13-p0036,13,B,1,body,1,3,0.587436,0,1,1,,0,0,1,1,13.78
book-13-p0036,13,B,9,body,1,2,0.485146,1,1,1,,0,0,0,0,69.23
book-13-p0036,13,B,19,body,1,7,0.581028,0,1,1,,0,0,1,5,74.66
book-13-p0111,13,B,8,body,1,7,0.543097,0,1,1,,0,0,1,2,53.81
book-13-p0111,13,B,20,body,1,3,0.457253,0,1,1,,0,0,1,2,70.54
book-13-p0120,13,B,20,body,1,6,0.482197,0,1,1,,0,0,1,4,60.46
book-13-p0230,13,B,17,body,1,6,0.568452,0,1,1,,0,0,1,1,62.58
book-13-p0238,13,B,19,body,1,14,0.546956,1,1,1,,0,0,0,0,42.18
book-13-p0238,13,B,20,body,1,1,0.451445,0,1,1,,0,0,1,1,21.24
book-13-p0432,13,B,14,title,1,4,0.527832,1,1,1,,0,0,0,0,29.60
book-13-p0637,13,B,5,body,1,6,0.580174,1,1,1,,0,0,0,0,25.25
book-13-p0637,13,B,22,body,1,5,0.522750,0,1,1,,0,0,1,1,23.42
book-13-p0649,13,B,0,body,1,2,0.519873,1,1,1,,0,0,0,0,19.59
book-13-p0662,13,B,16,body,1,6,0.413276,0,1,1,,0,0,1,5,21.57
book-13-p0668,13,B,10,body,1,3,0.552529,0,1,1,,0,0,1,2,23.32
book-13-p0712,13,B,4,body,1,10,0.572120,0,1,1,,0,0,1,3,24.99
book-13-p0727,13,B,2,body,1,7,0.584487,0,1,1,,0,0,1,2,30.84
book-13-p0727,13,B,7,body,1,8,0.575353,0,1,1,,0,0,1,4,30.34
book-13-p0727,13,B,18,body,1,2,0.451335,0,1,1,,0,0,1,1,37.11
book-13-p0732,13,B,3,body,1,3,0.317196,0,1,1,,0,0,1,1,31.23
book-13-p0732,13,B,9,body,1,8,0.501140,0,1,1,,0,0,1,3,35.53
book-13-p0732,13,B,10,body,1,2,0.595225,0,1,1,,0,0,1,2,30.11
book-13-p0732,13,B,11,body,1,2,0.549117,1,1,1,,0,0,0,0,31.88
book-13-p0732,13,B,18,body,1,10,0.411520,1,1,1,,0,0,0,0,50.83
book-13-p0732,13,B,22,body,1,7,0.586451,0,1,1,,0,0,1,1,40.98
book-14-p0031,14,B,6,body,1,4,0.394720,1,1,1,,0,0,0,0,39.12
book-14-p0031,14,B,7,body,1,6,0.553323,1,1,1,,0,0,0,0,28.86
book-14-p0031,14,B,17,body,1,4,0.320715,1,1,1,,0,0,0,0,25.50
book-14-p0172,14,B,4,body,1,8,0.546038,1,1,1,,0,0,0,0,43.25
book-14-p0172,14,B,24,body,1,4,0.483025,0,1,1,,0,0,1,1,23.56
book-14-p0195,14,B,6,body,1,8,0.578010,0,1,1,,0,0,1,3,33.87
book-14-p0195,14,B,8,body,1,7,0.549189,1,1,1,,0,0,0,0,26.75
book-14-p0195,14,B,17,body,1,5,0.505666,0,1,1,,0,0,1,3,71.37
book-14-p0195,14,B,20,body,1,6,0.458811,0,1,1,,0,0,1,2,42.96
book-14-p0299,14,B,18,body,1,8,0.508413,0,1,1,,0,0,1,3,22.99
book-14-p0421,14,B,0,body,1,2,0.488713,1,1,1,,0,0,0,0,33.52
book-14-p0421,14,B,1,body,1,8,0.552197,1,1,1,,0,0,0,0,70.66
book-14-p0421,14,B,9,body,1,6,0.531090,0,1,1,,0,0,1,2,34.68
book-14-p0421,14,B,10,body,1,6,0.509700,0,1,1,,0,0,1,2,26.43
book-14-p0421,14,B,17,body,1,3,0.555898,0,1,1,,0,0,1,1,17.91
book-14-p0421,14,B,23,body,1,8,0.571657,0,1,1,,0,0,1,3,38.79
book-14-p0424,14,B,11,body,1,9,0.469459,1,0,0,unparsed,0,0,0,0,46.92
book-14-p0426,14,B,10,body,1,3,0.532140,0,1,1,,0,0,1,2,47.48
book-14-p0426,14,B,11,body,1,9,0.448072,0,1,1,,0,0,1,2,42.96
book-14-p0426,14,B,13,body,1,5,0.501463,0,1,1,,0,0,1,1,20.19
book-14-p0426,14,B,24,body,1,4,0.581296,1,1,1,,0,0,0,0,34.38
book-14-p0437,14,B,0,body,1,5,0.508732,1,1,0,outside-changed,1,2,0,0,36.70
book-14-p0437,14,B,3,body,1,6,0.502069,1,1,1,,0,0,0,0,23.29
book-14-p0437,14,B,7,body,1,6,0.501810,1,1,1,,0,0,0,0,35.86
book-14-p0515,14,B,5,body,1,8,0.598650,1,1,1,,0,0,0,0,21.83
book-14-p0531,14,B,9,body,1,6,0.572266,1,1,1,,0,0,0,0,30.44
book-14-p0531,14,B,17,body,1,4,0.310332,1,1,1,,0,0,0,0,33.03
book-14-p0541,14,B,5,body,1,7,0.451935,1,0,0,unparsed,0,0,0,0,54.70
book-14-p0551,14,B,1,body,1,4,0.563763,1,1,0,outside-changed,1,1,0,0,51.15
book-14-p0554,14,B,15,body,1,6,0.524565,1,1,0,outside-changed,1,37,0,0,58.61
book-14-p0554,14,B,20,body,1,10,0.484226,1,1,1,,0,0,0,0,13.78
book-14-p0559,14,B,12,body,1,8,0.573700,0,1,1,,0,0,1,1,45.90
book-14-p0559,14,B,13,body,1,5,0.459319,1,1,1,,0,0,0,0,11.49
book-14-p0568,14,B,4,body,1,4,0.597966,0,1,1,,0,0,1,1,24.66
book-14-p0568,14,B,15,body,1,4,0.586877,0,1,1,,0,0,1,1,8.20
book-14-p0621,14,B,0,body,1,6,0.325137,1,1,1,,0,0,0,0,23.03
book-14-p0621,14,B,1,body,1,5,0.532679,0,1,1,,0,0,1,1,7.63
book-14-p0621,14,B,16,body,1,5,0.524423,0,1,1,,0,0,1,3,30.74
book-14-p0621,14,B,28,body,1,4,0.309262,0,1,1,,0,0,1,1,34.96
book-14-p0669,14,B,0,title,1,10,0.451256,0,1,1,,0,0,1,1,7.32
book-14-p0669,14,B,2,title,1,9,0.590486,1,1,1,,0,0,0,0,52.47
book-15-p0332,15,B,8,body,2,6,0.533169,0,1,1,,0,0,2,2,7.99
book-15-p0366,15,B,14,body,1,4,0.565279,0,1,1,,0,0,1,1,29.46
book-15-p0560,15,B,15,body,1,7,0.581658,1,1,1,,0,0,0,0,56.15
book-15-p0563,15,B,23,body,1,6,0.556547,0,1,1,,0,0,1,2,34.08
book-15-p0575,15,B,4,body,1,8,0.311286,0,1,1,,0,0,1,4,16.18
book-15-p0575,15,B,5,body,1,4,0.590625,0,1,1,,0,0,1,2,24.27
book-15-p0575,15,B,11,body,1,7,0.518849,0,1,1,,0,0,1,2,20.23
book-15-p0575,15,B,12,body,1,4,0.335243,0,1,1,,0,0,1,1,13.69
book-15-p0575,15,B,16,body,1,8,0.596894,0,1,1,,0,0,1,2,18.17
book-15-p0575,15,B,17,body,1,4,0.563545,0,1,1,,0,0,1,1,16.88
book-15-p0575,15,B,19,body,1,7,0.578130,0,1,1,,0,0,1,1,23.88
book-15-p0575,15,B,20,body,1,5,0.543242,0,1,1,,0,0,1,1,40.69
book-15-p0575,15,B,22,body,1,4,0.323711,1,1,1,,0,0,0,0,25.86
book-15-p0575,15,B,27,body,1,3,0.413128,0,1,1,,0,0,1,1,38.54
book-15-p0575,15,B,28,body,1,3,0.583364,1,1,1,,0,0,0,0,12.16
book-15-p0575,15,B,33,body,1,3,0.546655,1,1,1,,0,0,0,0,21.13
book-16-p0022,16,B,21,body,1,7,0.589469,0,1,1,,0,0,1,1,13.47
book-16-p0028,16,B,3,body,1,2,0.577413,0,1,1,,0,0,1,2,15.72
book-16-p0028,16,B,12,body,1,6,0.522622,0,1,1,,0,0,1,2,21.45
book-16-p0028,16,B,14,body,1,7,0.520413,0,1,1,,0,0,1,1,20.21
book-16-p0078,16,B,18,body,1,5,0.537080,0,1,1,,0,0,1,1,13.50
book-16-p0105,16,B,26,body,1,3,0.429318,0,1,1,,0,0,1,2,23.46
book-16-p0187,16,B,11,body,1,5,0.579136,0,1,1,,0,0,1,2,27.58
book-16-p0187,16,B,25,body,1,10,0.553342,0,1,1,,0,0,1,1,14.92
book-16-p0187,16,B,27,body,2,16,0.512760,0,1,1,,0,0,2,3,17.13
book-16-p0212,16,B,0,body,1,5,0.580146,0,1,1,,0,0,1,1,20.25
book-16-p0267,16,B,0,body,1,6,0.521667,1,1,1,,0,0,0,0,15.50
book-16-p0334,16,B,10,body,1,4,0.526669,1,1,1,,0,0,0,0,16.02
book-16-p0358,16,B,8,body,1,5,0.576012,0,1,1,,0,0,1,4,19.34
book-16-p0358,16,B,9,body,1,4,0.597590,0,1,1,,0,0,1,1,16.84
book-16-p0358,16,B,18,body,1,6,0.523588,0,1,1,,0,0,1,1,40.39
book-16-p0390,16,B,6,body,1,9,0.511395,0,1,1,,0,0,1,1,18.26
book-16-p0390,16,B,24,body,1,6,0.519891,1,1,1,,0,0,0,0,26.58
book-16-p0390,16,B,25,body,1,4,0.580909,1,1,1,,0,0,0,0,31.56
book-16-p0471,16,B,21,body,1,5,0.547996,0,1,1,,0,0,1,1,16.51
book-16-p0471,16,B,24,body,1,10,0.581413,0,1,1,,0,0,1,2,31.05
book-16-p0547,16,B,4,body,1,8,0.548361,0,1,1,,0,0,1,1,29.31
book-16-p0547,16,B,5,body,2,10,0.521037,0,1,1,,0,0,1,2,31.93
book-16-p0547,16,B,8,body,1,4,0.293954,1,0,0,unparsed,0,0,0,0,38.58
book-17-p0017,17,B,13,body,1,9,0.576424,0,1,1,,0,0,1,2,20.39
book-17-p0017,17,B,16,body,1,4,0.528264,0,1,1,,0,0,1,1,25.55
book-17-p0028,17,B,0,body,1,4,0.549070,0,1,1,,0,0,1,1,31.69
book-17-p0028,17,B,1,body,1,5,0.434817,0,1,1,,0,0,1,1,15.27
book-17-p0028,17,B,7,body,1,5,0.587618,1,1,1,,0,0,0,0,38.06
book-17-p0028,17,B,10,body,1,4,0.524124,0,1,1,,0,0,1,2,22.97
book-17-p0028,17,B,21,body,1,6,0.484792,0,1,1,,0,0,1,1,21.85
book-17-p0059,17,B,21,body,1,5,0.547480,1,1,1,,0,0,0,0,39.60
book-17-p0059,17,B,26,body,1,6,0.555640,1,1,1,,0,0,0,0,12.32
book-17-p0177,17,B,6,body,1,2,0.517820,1,1,1,,0,0,0,0,13.21
book-17-p0215,17,B,27,body,1,7,0.496765,1,1,1,,0,0,0,0,25.26
book-17-p0229,17,B,15,body,1,6,0.560461,0,1,1,,0,0,1,1,27.78
book-17-p0305,17,B,11,body,1,6,0.528488,1,1,1,,0,0,0,0,19.31
book-17-p0305,17,B,24,body,1,9,0.534996,0,1,1,,0,0,1,3,71.00
book-17-p0361,17,B,28,body,1,4,0.589186,1,1,1,,0,0,0,0,42.58
book-17-p0462,17,B,21,body,1,6,0.596253,0,1,1,,0,0,1,2,40.85
book-17-p0505,17,B,9,body,1,7,0.508958,0,1,1,,0,0,1,3,60.94
book-17-p0520,17,B,3,body,1,8,0.498159,0,1,1,,0,0,1,4,60.50
book-17-p0563,17,B,3,body,1,3,0.412434,0,1,1,,0,0,1,2,57.29
book-17-p0563,17,B,22,body,1,6,0.509133,0,1,1,,0,0,1,4,37.75
book-17-p0592,17,B,8,body,1,8,0.400990,0,1,1,,0,0,1,1,44.12
book-17-p0592,17,B,12,body,1,4,0.546044,1,1,1,,0,0,0,0,26.23
book-17-p0592,17,B,27,body,2,15,0.442996,0,1,1,,0,0,1,5,23.81
book-17-p0605,17,B,20,body,1,7,0.520280,1,1,1,,0,0,0,0,36.42
book-17-p0627,17,B,21,body,1,10,0.521520,0,1,1,,0,0,1,2,32.22
book-17-p0656,17,B,4,title,2,9,0.473511,0,1,1,,0,0,2,2,28.76
book-17-p0656,17,B,8,body,1,7,0.557121,0,1,1,,0,0,1,1,20.38
book-17-p0656,17,B,14,body,1,13,0.570349,1,1,1,,0,0,0,0,22.76
book-17-p0732,17,B,0,title,1,3,0.436685,0,1,1,,0,0,1,1,20.08
book-17-p0776,17,B,17,body,1,8,0.450257,0,1,1,,0,0,1,1,13.22
book-17-p0826,17,B,27,body,1,4,0.448752,0,1,1,,0,0,1,1,24.88
book-17-p0839,17,B,28,body,1,7,0.564684,0,1,1,,0,0,1,1,27.79
book-18-p0069,18,B,3,body,1,10,0.564277,0,1,1,,0,0,1,5,21.91
book-18-p0107,18,B,0,body,1,4,0.415139,1,0,0,unparsed,0,0,0,0,44.14
book-18-p0107,18,B,2,body,1,8,0.467353,0,1,1,,0,0,1,3,20.70
book-18-p0107,18,B,3,body,1,6,0.182101,1,1,1,,0,0,0,0,57.79
book-18-p0107,18,B,7,body,1,7,0.455587,1,1,1,,0,0,0,0,44.79
book-18-p0107,18,B,8,body,1,4,0.520790,0,1,1,,0,0,1,2,23.14
book-18-p0107,18,B,12,body,1,4,0.454573,1,1,1,,0,0,0,0,27.07
book-18-p0107,18,B,13,body,1,6,0.151002,0,1,1,,0,0,1,1,14.83
book-18-p0107,18,B,15,body,1,3,0.549703,1,1,1,,0,0,0,0,24.11
book-18-p0107,18,B,22,body,1,5,0.583402,1,1,1,,0,0,0,0,43.78
book-18-p0118,18,B,5,title,1,2,0.251782,0,1,1,,0,0,1,1,42.81
book-18-p0118,18,B,13,body,1,4,0.521896,0,1,1,,0,0,1,1,30.09
book-18-p0118,18,B,15,body,1,2,0.391122,1,1,1,,0,0,0,0,52.35
book-18-p0118,18,B,24,body,1,2,0.477990,1,1,1,,0,0,0,0,39.53
book-18-p0118,18,B,27,body,1,7,0.470735,1,1,1,,0,0,0,0,22.02
book-18-p0140,18,B,1,body,1,10,0.371057,0,1,1,,0,0,1,2,41.18
book-18-p0140,18,B,12,body,1,1,0.451128,0,1,1,,0,0,1,1,32.18
book-18-p0175,18,B,0,body,1,9,0.583115,1,1,1,,0,0,0,0,39.09
book-18-p0175,18,B,2,body,1,13,0.243900,1,0,0,unparsed,0,0,0,0,57.07
book-18-p0175,18,B,3,title,2,9,0.396891,0,1,1,,0,0,2,2,36.92
book-18-p0175,18,B,6,body,1,5,0.407276,0,1,1,,0,0,1,1,26.60
book-18-p0175,18,B,8,body,1,6,0.172089,1,1,1,,0,0,0,0,34.11
book-18-p0175,18,B,9,body,1,1,0.335505,1,1,1,,0,0,0,0,17.76
book-18-p0175,18,B,22,body,1,2,0.314303,0,1,1,,0,0,1,1,22.33
book-18-p0175,18,B,25,body,1,5,0.438752,0,1,1,,0,0,1,1,47.21
book-18-p0175,18,B,26,body,1,6,0.215006,0,1,1,,0,0,1,1,20.27
book-18-p0175,18,B,30,body,1,5,0.456612,0,1,1,,0,0,1,2,33.00
book-18-p0175,18,B,31,body,1,6,0.595373,1,1,1,,0,0,1,3,29.66
book-18-p0249,18,B,12,body,1,4,0.565540,0,1,1,,0,0,1,4,58.99
book-18-p0249,18,B,14,body,1,8,0.578676,0,1,1,,0,0,1,1,27.12
book-18-p0249,18,B,15,body,1,5,0.519525,1,1,1,,0,0,0,0,23.14
book-18-p0249,18,B,18,body,1,6,0.574988,1,1,1,,0,0,1,4,30.52
book-18-p0249,18,B,23,body,1,1,0.542255,1,1,0,outside-changed,1,1,0,0,19.94
book-18-p0249,18,B,27,body,1,4,0.377173,0,1,1,,0,0,1,1,48.74
book-18-p0312,18,B,23,body,1,9,0.419254,1,1,1,,0,0,0,0,27.02
book-18-p0312,18,B,29,body,1,10,0.168474,1,1,1,,0,0,0,0,18.78
book-18-p0398,18,B,14,body,1,1,0.584776,1,0,0,unparsed,0,0,0,0,44.95
book-18-p0398,18,B,19,body,1,5,0.263114,1,1,1,,0,0,0,0,26.95
book-18-p0398,18,B,25,body,1,11,0.548317,1,1,1,,0,0,0,0,27.97
book-18-p0398,18,B,28,body,1,6,0.498623,1,1,1,,0,0,0,0,18.77
book-18-p0398,18,B,29,body,3,7,0.290717,1,0,0,unparsed,0,0,0,0,53.75
book-18-p0457,18,B,12,body,1,3,0.596241,1,1,1,,0,0,0,0,17.76
book-18-p0488,18,B,10,body,1,5,0.519991,0,1,1,,0,0,1,1,31.46
book-18-p0488,18,B,16,body,1,2,0.449536,0,1,1,,0,0,1,2,23.67
book-18-p0488,18,B,28,body,1,5,0.343966,0,1,1,,0,0,1,3,28.41
book-18-p0488,18,B,29,body,1,5,0.468047,1,0,0,unparsed,0,0,0,0,70.06
book-18-p0514,18,B,10,body,1,10,0.570579,0,1,1,,0,0,1,1,27.82
book-18-p0514,18,B,24,body,1,9,0.583507,0,1,1,,0,0,1,3,34.65
book-18-p0524,18,B,14,body,1,5,0.453808,0,1,1,,0,0,1,1,38.20
book-18-p0524,18,B,20,body,1,2,0.589863,1,1,1,,0,0,0,0,56.31
book-18-p0537,18,B,14,body,1,8,0.395756,0,1,1,,0,0,1,1,46.09
book-18-p0537,18,B,21,body,1,4,0.322371,1,1,1,,0,0,0,0,49.61
book-18-p0537,18,B,26,body,1,4,0.200151,1,1,1,,0,0,1,1,59.71
book-18-p0537,18,B,28,body,2,9,0.309028,0,1,1,,0,0,1,1,39.66
book-18-p0552,18,B,1,body,1,8,0.483769,0,1,1,,0,0,1,4,49.53
book-18-p0552,18,B,4,body,1,5,0.523614,0,1,1,,0,0,1,1,63.76
book-18-p0552,18,B,15,body,1,5,0.552756,0,1,1,,0,0,1,2,20.96
book-18-p0621,18,B,5,body,1,4,0.203387,1,0,0,unparsed,0,0,0,0,49.35
book-18-p0621,18,B,17,body,1,4,0.514189,0,1,1,,0,0,1,2,37.81
book-18-p0725,18,B,1,body,1,2,0.183164,0,1,1,,0,0,1,1,65.15
book-18-p0725,18,B,2,body,1,3,0.299518,1,1,1,,0,0,0,0,17.22
book-18-p0725,18,B,15,body,1,2,0.340348,0,1,1,,0,0,1,2,51.02
book-18-p0727,18,B,0,body,1,8,0.596392,1,1,1,,0,0,0,0,41.25
book-18-p0727,18,B,2,body,1,5,0.549344,0,1,1,,0,0,1,1,37.10
book-18-p0727,18,B,16,body,1,4,0.492825,1,1,1,,0,0,0,0,30.75
book-18-p0727,18,B,26,body,1,5,0.451407,1,1,1,,0,0,0,0,48.03
book-18-p0783,18,B,14,body,1,8,0.377446,1,1,0,outside-changed,1,1,0,0,54.48
book-18-p0787,18,B,0,body,2,9,0.561094,0,1,1,,0,0,2,3,39.19
book-18-p0787,18,B,1,body,1,2,0.304283,1,1,1,,0,0,0,0,27.60
book-18-p0787,18,B,6,body,1,6,0.391759,1,1,1,,0,0,0,0,43.45
book-18-p0787,18,B,18,body,1,1,0.502642,0,1,1,,0,0,1,1,28.18
book-18-p0787,18,B,21,body,1,7,0.421998,1,1,0,outside-changed,1,1,0,0,38.52
book-18-p0787,18,B,22,body,1,5,0.423821,0,1,1,,0,0,1,2,19.89
book-18-p0796,18,B,17,body,1,8,0.531201,1,1,1,,0,0,0,0,31.21
book-18-p0804,18,B,0,body,1,3,0.532790,0,1,1,,0,0,1,1,35.74
book-18-p0808,18,B,11,body,1,7,0.558124,0,1,1,,0,0,1,3,32.51
book-18-p0808,18,B,12,body,1,5,0.505861,1,1,1,,0,0,1,4,38.55
book-18-p0808,18,B,29,body,2,4,0.143271,0,1,1,,0,0,2,2,28.06
book-18-p0827,18,B,0,body,1,4,0.270522,0,1,1,,0,0,1,1,28.82
book-18-p0827,18,B,1,body,1,1,0.355043,0,1,1,,0,0,1,2,44.88
book-18-p0827,18,B,2,body,1,4,0.559002,1,1,1,,0,0,0,0,33.25
book-18-p0827,18,B,3,body,1,4,0.411693,0,1,1,,0,0,1,1,20.16
book-18-p0827,18,B,5,body,1,3,0.422084,0,1,1,,0,0,1,2,36.41
book-18-p0827,18,B,6,body,1,10,0.294199,0,1,1,,0,0,1,4,45.24
book-18-p0827,18,B,7,body,1,6,0.473977,1,1,1,,0,0,0,0,14.53
book-18-p0827,18,B,9,body,1,5,0.427315,0,1,1,,0,0,1,1,20.02
book-18-p0827,18,B,13,body,1,6,0.513004,1,1,1,,0,0,0,0,31.01
book-18-p0827,18,B,15,body,1,3,0.544680,1,1,1,,0,0,0,0,37.06
book-18-p0827,18,B,19,body,1,5,0.472694,0,1,1,,0,0,1,1,30.88
book-18-p0827,18,B,20,body,1,8,0.571734,0,1,1,,0,0,1,1,25.27
book-18-p0827,18,B,23,body,1,9,0.463186,0,1,1,,0,0,1,3,31.29
book-18-p0827,18,B,24,body,1,6,0.291656,0,1,1,,0,0,1,1,33.78
book-18-p0827,18,B,25,body,1,2,0.505129,0,1,1,,0,0,1,1,15.26
book-18-p0827,18,B,28,body,2,16,0.376657,0,1,1,,0,0,1,1,16.97
book-18-p0841,18,B,1,body,1,8,0.371065,0,1,1,,0,0,1,2,20.84
book-18-p0841,18,B,2,body,1,11,0.493887,0,1,1,,0,0,1,1,39.65
book-18-p0841,18,B,3,body,1,7,0.488999,0,1,1,,0,0,1,2,17.24
book-18-p0841,18,B,4,body,1,5,0.541644,0,1,1,,0,0,1,2,63.41
book-18-p0841,18,B,5,body,1,5,0.386973,0,1,1,,0,0,1,3,16.72
book-18-p0841,18,B,6,body,2,16,0.451274,0,1,1,,0,0,2,3,10.47
book-18-p0841,18,B,14,body,1,6,0.510843,0,1,1,,0,0,1,2,23.84
book-18-p0841,18,B,18,body,1,9,0.495831,1,1,1,,0,0,0,0,37.72
book-18-p0841,18,B,19,body,1,4,0.325703,0,1,1,,0,0,1,3,41.80
book-18-p0841,18,B,20,body,1,7,0.514686,1,1,1,,0,0,0,0,24.87
book-18-p0841,18,B,28,body,1,2,0.396481,0,1,1,,0,0,1,2,34.50
book-18-p0848,18,B,8,body,1,2,0.451502,1,1,1,,0,0,0,0,32.55
book-18-p0848,18,B,14,body,1,5,0.587373,1,1,1,,0,0,0,0,23.69
book-18-p0848,18,B,22,body,1,4,0.533268,0,1,1,,0,0,1,2,55.76
book-18-p0848,18,B,25,body,1,3,0.410801,1,1,1,,0,0,0,0,15.94
book-18-p0848,18,B,29,body,1,4,0.458096,0,1,1,,0,0,1,2,20.53
book-18-p0867,18,B,2,title,1,2,0.184672,1,1,1,,0,0,0,0,53.27
book-18-p0867,18,B,10,body,1,4,0.416311,0,1,1,,0,0,1,1,25.27
book-18-p0867,18,B,11,body,1,8,0.471282,0,1,1,,0,0,1,1,12.13
book-18-p0867,18,B,14,body,1,2,0.506134,1,1,1,,0,0,0,0,22.16
book-18-p0867,18,B,16,body,1,3,0.583325,1,1,1,,0,0,0,0,30.20
book-18-p0867,18,B,18,body,1,5,0.574993,0,1,1,,0,0,1,1,51.39
book-18-p0867,18,B,20,body,1,3,0.542800,0,1,1,,0,0,1,2,24.78
book-18-p0867,18,B,28,body,1,3,0.375500,1,1,1,,0,0,0,0,31.07
book-18-p0947,18,B,1,body,1,11,0.562259,0,1,1,,0,0,1,1,16.90
book-18-p0947,18,B,5,body,2,9,0.414205,0,1,1,,0,0,2,8,47.95
book-18-p0947,18,B,16,body,1,2,0.312740,0,1,1,,0,0,1,1,35.20
book-18-p0947,18,B,25,body,1,5,0.572161,0,1,1,,0,0,1,2,20.41
book-18-p0961,18,B,1,body,1,3,0.545095,1,1,1,,0,0,0,0,33.60
book-18-p0961,18,B,25,body,1,9,0.583420,0,1,1,,0,0,1,1,20.12
book-18-p0964,18,B,4,body,1,7,0.219027,0,1,1,,0,0,1,2,16.96
book-18-p0964,18,B,24,body,1,5,0.575255,0,1,1,,0,0,1,3,35.23
book-19-p0063,19,B,16,body,1,6,0.564270,0,1,1,,0,0,1,3,17.69
book-19-p0222,19,B,27,body,1,2,0.381530,0,1,1,,0,0,1,1,29.75
book-19-p0486,19,B,11,body,1,5,0.592551,1,1,1,,0,0,0,0,25.39
book-19-p0486,19,B,20,body,1,6,0.544204,0,1,1,,0,0,1,2,21.32
book-19-p0521,19,B,1,body,1,9,0.534018,0,1,1,,0,0,1,2,12.87
book-19-p0521,19,B,5,body,1,6,0.444573,0,1,1,,0,0,1,1,17.29
book-19-p0521,19,B,12,title,1,5,0.507218,0,1,1,,0,0,1,1,25.09
book-19-p0521,19,B,15,body,1,3,0.538469,0,1,1,,0,0,1,1,9.92
book-19-p0521,19,B,26,body,1,6,0.518015,0,1,1,,0,0,1,1,44.01
book-19-p0541,19,B,19,title,1,6,0.596977,0,1,1,,0,0,1,1,13.51
book-19-p0541,19,B,20,body,1,4,0.464176,0,1,1,,0,0,1,4,25.41
book-19-p0541,19,B,27,body,1,3,0.317953,0,1,1,,0,0,1,1,16.37
book-19-p0541,19,B,28,body,1,3,0.517721,1,1,1,,0,0,0,0,17.45
book-19-p0810,19,B,9,body,1,7,0.586808,0,1,1,,0,0,1,4,23.53
book-19-p0870,19,B,26,body,1,4,0.551969,0,1,1,,0,0,1,4,25.91
book-20-p0001,20,B,0,body,1,4,0.429311,0,1,1,,0,0,1,2,12.86
book-20-p0001,20,B,1,body,1,7,0.505827,1,1,1,,0,0,0,0,15.30
book-20-p0001,20,B,2,body,2,13,0.244864,0,1,1,,0,0,2,9,54.88
book-20-p0001,20,B,3,body,2,16,0.416310,1,1,1,,0,0,0,0,39.73
book-20-p0001,20,B,4,body,2,19,0.439944,0,1,1,,0,0,2,4,41.27
book-20-p0001,20,B,5,body,2,13,0.140833,0,1,1,,0,0,1,2,28.12
book-20-p0001,20,B,6,body,2,14,0.567822,0,1,1,,0,0,1,2,16.86
book-20-p0001,20,B,7,body,1,12,0.515185,1,1,0,outside-changed,1,5,0,0,42.87
book-20-p0044,20,B,2,body,1,10,0.411833,0,1,1,,0,0,1,3,9.81
book-20-p0044,20,B,13,body,1,10,0.556567,1,1,1,,0,0,0,0,36.24
book-20-p0089,20,B,1,title,1,8,0.595191,0,1,1,,0,0,1,2,36.85
book-20-p0089,20,B,4,body,1,5,0.537203,1,1,1,,0,0,0,0,47.02
book-20-p0089,20,B,13,body,1,8,0.493978,0,1,1,,0,0,1,2,45.65
book-20-p0121,20,B,13,body,1,7,0.509221,0,1,1,,0,0,1,1,32.66
book-20-p0221,20,B,3,body,1,5,0.525385,0,1,1,,0,0,1,1,45.67
book-20-p0224,20,B,9,body,1,7,0.388814,0,1,1,,0,0,1,1,55.19
book-20-p0224,20,B,10,body,1,6,0.422639,0,1,1,,0,0,1,3,28.65
book-20-p0240,20,B,27,body,1,8,0.493055,0,1,1,,0,0,1,1,35.60
book-20-p0320,20,B,7,body,1,9,0.525209,0,1,1,,0,0,1,4,31.97
book-20-p0320,20,B,18,body,1,4,0.546295,0,1,1,,0,0,1,1,25.39
book-20-p0320,20,B,20,body,1,12,0.516467,0,1,1,,0,0,1,3,19.00
book-20-p0366,20,B,9,body,1,6,0.449091,0,1,1,,0,0,1,1,20.49
book-20-p0378,20,B,1,body,1,4,0.513418,1,1,0,outside-changed,1,1,0,0,29.39
book-20-p0378,20,B,5,body,1,3,0.215844,1,1,1,,0,0,0,0,15.24
book-20-p0378,20,B,16,body,1,3,0.373203,0,1,1,,0,0,1,3,41.64
book-20-p0391,20,B,8,body,1,8,0.590758,0,1,1,,0,0,1,1,30.39
book-20-p0391,20,B,18,body,1,5,0.588486,1,1,1,,0,0,0,0,37.69
book-20-p0398,20,B,0,body,1,6,0.456518,0,1,1,,0,0,1,1,37.43
book-20-p0470,20,B,0,body,1,5,0.548080,0,1,1,,0,0,1,2,13.11
book-20-p0486,20,B,6,body,1,6,0.543397,0,1,1,,0,0,1,2,7.58
book-20-p0486,20,B,11,body,1,6,0.302860,0,1,1,,0,0,1,2,15.52
book-20-p0489,20,B,18,body,1,6,0.481045,0,1,1,,0,0,1,1,6.20
book-20-p0521,20,B,13,body,1,9,0.509530,1,1,1,,0,0,0,0,7.48
book-20-p0521,20,B,24,body,1,5,0.360250,1,1,1,,0,0,0,0,19.94
book-20-p0540,20,B,18,title,1,2,0.543962,0,1,1,,0,0,1,1,9.67
book-20-p0540,20,B,22,body,1,2,0.499036,1,1,1,,0,0,0,0,18.14
book-20-p0544,20,B,28,body,1,5,0.574896,0,1,1,,0,0,1,1,16.41
book-20-p0616,20,B,1,body,1,6,0.224626,1,1,1,,0,0,0,0,22.94
book-20-p0616,20,B,9,body,1,14,0.591624,0,1,1,,0,0,1,2,18.00
book-20-p0616,20,B,22,body,1,3,0.550662,1,0,0,unparsed,0,0,0,0,66.82
book-20-p0616,20,B,26,body,1,5,0.416882,0,1,1,,0,0,1,1,17.31
book-20-p0814,20,B,29,body,1,7,0.551608,0,1,1,,0,0,1,1,23.72
book-20-p0903,20,B,4,body,1,4,0.577220,0,1,1,,0,0,1,1,27.31
book-20-p0903,20,B,12,body,1,6,0.530224,1,1,1,,0,0,0,0,17.58
book-20-p0903,20,B,20,body,1,2,0.519631,1,1,1,,0,0,0,0,64.21
book-20-p1000,20,B,21,body,1,6,0.563745,1,1,1,,0,0,0,0,28.14
book-20-p1032,20,B,7,body,1,8,0.542998,0,1,1,,0,0,1,4,22.49
book-20-p1032,20,B,13,title,1,8,0.448193,0,1,1,,0,0,1,2,66.68
book-20-p1032,20,B,16,title,1,5,0.573444,1,1,1,,0,0,0,0,11.08
book-20-p1032,20,B,17,title,1,5,0.291788,0,1,1,,0,0,1,1,15.84
book-21-p0002,21,B,0,body,1,7,0.521675,1,0,0,unparsed,0,0,0,0,42.07
book-21-p0002,21,B,2,body,1,9,0.522989,1,1,1,,0,0,0,0,41.40
book-21-p0002,21,B,3,body,1,4,0.225419,0,1,1,,0,0,1,6,12.01
book-21-p0002,21,B,4,body,2,8,0.316564,0,1,1,,0,0,1,1,21.60
book-21-p0002,21,B,5,body,2,14,0.379977,0,1,1,,0,0,1,9,19.92
book-21-p0002,21,B,6,body,2,11,0.311439,0,1,1,,0,0,2,3,36.20
book-21-p0002,21,B,8,body,1,12,0.556975,0,1,1,,0,0,1,3,35.85
book-21-p0002,21,B,9,body,4,34,0.459957,0,1,1,,0,0,2,9,34.93
book-21-p0002,21,B,10,body,2,14,0.260086,0,1,1,,0,0,2,8,17.18
book-21-p0002,21,B,14,body,1,14,0.485736,1,1,1,,0,0,0,0,34.05
book-21-p0002,21,B,16,body,1,6,0.526001,0,1,1,,0,0,1,1,38.16
book-21-p0002,21,B,17,body,2,8,0.316669,0,1,1,,0,0,1,6,44.51
book-21-p0002,21,B,18,body,1,10,0.513727,1,1,1,,0,0,0,0,28.22
book-21-p0002,21,B,19,body,2,4,0.455572,0,1,1,,0,0,1,1,35.67
book-21-p0002,21,B,23,body,1,7,0.378759,0,1,1,,0,0,1,4,24.49
book-21-p0002,21,B,25,body,3,21,0.334013,0,1,1,,0,0,1,3,46.83
book-21-p0002,21,B,26,body,2,25,0.321313,0,1,1,,0,0,1,2,28.16
book-21-p0002,21,B,28,body,1,7,0.574816,0,1,1,,0,0,1,4,23.12
book-21-p0002,21,B,32,body,3,14,0.397114,0,1,1,,0,0,1,1,21.30
book-21-p0002,21,B,34,body,2,15,0.496146,0,1,1,,0,0,2,2,13.70
book-21-p0131,21,B,5,body,1,4,0.511638,0,1,1,,0,0,1,2,10.17
book-21-p0266,21,B,2,body,1,6,0.507340,1,1,1,,0,0,0,0,11.46
book-21-p0266,21,B,16,body,1,4,0.345165,0,1,1,,0,0,1,1,20.81
book-21-p0379,21,B,24,body,1,2,0.437093,0,1,1,,0,0,1,2,18.27
book-21-p0400,21,B,16,body,1,14,0.590440,1,1,1,,0,0,0,0,24.03
book-21-p0400,21,B,24,body,1,10,0.507296,0,1,1,,0,0,1,5,36.36
book-21-p0421,21,B,9,body,1,6,0.483481,1,1,1,,0,0,0,0,23.08
book-21-p0421,21,B,27,body,1,8,0.532769,0,1,1,,0,0,1,2,34.60
book-21-p0498,21,B,1,body,1,6,0.555018,0,1,1,,0,0,1,2,30.04
book-21-p0511,21,B,21,body,1,7,0.552347,1,1,1,,0,0,0,0,36.70
book-21-p0663,21,B,26,body,1,10,0.558228,0,1,1,,0,0,1,4,31.90
book-21-p0698,21,B,0,body,1,4,0.573982,1,1,1,,0,0,0,0,40.54
book-21-p0698,21,B,14,body,1,5,0.313415,1,1,1,,0,0,0,0,24.23
book-21-p0737,21,B,16,body,1,5,0.577009,0,1,1,,0,0,1,2,31.49
book-21-p0737,21,B,22,body,2,13,0.393187,0,1,1,,0,0,2,3,30.96
book-21-p0737,21,B,25,body,1,10,0.568740,1,1,1,,0,0,0,0,31.03
book-21-p0793,21,B,18,body,1,8,0.542311,1,1,1,,0,0,0,0,30.77
book-21-p0793,21,B,23,body,1,6,0.581780,0,1,1,,0,0,1,4,26.67
book-21-p0793,21,B,28,body,1,2,0.379142,0,1,1,,0,0,1,1,27.92
book-21-p0836,21,B,5,title,1,6,0.581228,0,1,1,,0,0,1,1,24.67
book-21-p0836,21,B,25,body,1,6,0.527824,1,1,1,,0,0,1,2,29.33
book-22-p0001,22,B,0,body,1,4,0.414328,1,1,1,,0,0,0,0,19.93
book-22-p0001,22,B,1,body,2,16,0.274083,1,1,1,,0,0,0,0,52.61
book-22-p0001,22,B,2,body,3,17,0.241084,0,1,1,,0,0,2,3,43.45
book-22-p0001,22,B,3,body,3,15,0.290932,0,1,1,,0,0,3,3,20.41
book-22-p0001,22,B,4,body,2,7,0.167437,0,1,1,,0,0,1,1,37.56
book-22-p0001,22,B,5,body,2,16,0.216744,1,0,0,unparsed,0,0,0,0,40.48
book-22-p0001,22,B,6,body,1,14,0.333159,0,1,1,,0,0,1,2,23.92
book-22-p0024,22,B,1,body,1,3,0.465649,1,1,1,,0,0,0,0,32.68
book-22-p0024,22,B,7,body,1,11,0.506299,0,1,1,,0,0,1,5,40.74
book-22-p0024,22,B,14,body,1,2,0.527729,0,1,1,,0,0,1,1,41.80
book-22-p0024,22,B,25,body,1,9,0.386793,0,1,1,,0,0,1,1,23.20
book-22-p0116,22,B,15,body,1,3,0.285910,0,1,1,,0,0,1,1,41.60
book-22-p0126,22,B,32,body,1,10,0.473729,0,1,1,,0,0,1,1,30.67
book-22-p0265,22,B,24,body,1,4,0.508657,0,1,1,,0,0,1,1,46.86
book-22-p0265,22,B,31,body,1,10,0.518906,1,1,1,,0,0,0,0,18.47
book-22-p0267,22,B,2,body,1,7,0.584317,0,1,1,,0,0,1,1,35.22
book-22-p0282,22,B,0,body,1,5,0.518212,0,1,1,,0,0,1,3,41.77
book-22-p0282,22,B,17,body,1,9,0.578573,1,1,1,,0,0,0,0,39.19
book-22-p0323,22,B,15,body,1,7,0.539232,0,1,1,,0,0,1,3,40.59
book-22-p0323,22,B,23,body,1,13,0.552200,0,1,1,,0,0,1,1,29.13
book-22-p0323,22,B,32,body,1,8,0.578087,1,1,1,,0,0,0,0,25.35
book-22-p0340,22,B,0,body,1,3,0.568072,1,1,1,,0,0,0,0,36.61
book-22-p0340,22,B,16,body,1,8,0.586376,1,1,1,,0,0,0,0,16.42
book-22-p0340,22,B,24,body,1,10,0.502740,0,1,1,,0,0,1,1,18.11
book-22-p0368,22,B,20,body,2,14,0.536386,1,1,1,,0,0,0,0,29.80
book-22-p0368,22,B,21,body,1,6,0.559814,0,1,1,,0,0,1,2,22.02
book-22-p0424,22,B,17,body,1,2,0.533237,1,1,1,,0,0,0,0,21.17
book-22-p0436,22,B,24,body,1,8,0.585806,0,1,1,,0,0,1,1,19.91
book-22-p0436,22,B,27,body,1,5,0.573852,0,1,1,,0,0,1,1,16.12
book-22-p0452,22,B,33,body,1,5,0.495815,1,1,1,,0,0,0,0,19.89
book-22-p0504,22,B,33,body,1,10,0.586609,1,1,1,,0,0,0,0,20.61
book-22-p0613,22,B,0,body,1,4,0.402361,1,1,1,,0,0,0,0,15.75
book-22-p0616,22,B,22,body,1,4,0.399251,1,1,1,,0,0,0,0,14.83
book-22-p0616,22,B,33,body,1,5,0.474577,0,1,1,,0,0,1,1,45.79
book-22-p0643,22,B,2,body,1,9,0.570806,1,1,1,,0,0,0,0,15.15
book-22-p0643,22,B,3,body,1,4,0.540463,0,1,1,,0,0,1,1,43.39
book-22-p0679,22,B,7,body,1,3,0.571468,0,1,1,,0,0,1,3,28.17
book-22-p0704,22,B,14,body,1,6,0.589798,1,1,1,,0,0,0,0,45.09
book-22-p0709,22,B,15,body,1,6,0.573657,0,1,1,,0,0,1,1,26.50
book-23-p0135,23,B,30,body,1,7,0.544249,1,1,1,,0,0,0,0,29.17
book-23-p0184,23,B,6,body,1,3,0.500522,0,1,1,,0,0,1,5,29.68
book-23-p0184,23,B,10,body,1,5,0.510530,1,1,1,,0,0,0,0,12.73
book-23-p0187,23,B,7,body,1,5,0.491410,1,1,1,,0,0,0,0,30.67
book-23-p0302,23,B,17,body,1,5,0.557628,1,1,1,,0,0,0,0,33.95
book-23-p0302,23,B,24,body,1,9,0.543961,0,1,1,,0,0,1,6,18.85
book-23-p0310,23,B,31,body,1,5,0.462428,0,1,1,,0,0,1,1,14.32
book-23-p0336,23,B,2,body,1,10,0.549575,0,1,1,,0,0,1,2,12.41
book-23-p0336,23,B,26,body,1,5,0.533648,1,1,1,,0,0,0,0,26.84
book-23-p0336,23,B,31,body,1,4,0.597652,0,1,1,,0,0,1,1,19.42
book-23-p0353,23,B,13,body,1,4,0.518762,0,1,1,,0,0,1,1,20.94
book-23-p0366,23,B,8,body,1,10,0.571844,1,1,1,,0,0,0,0,26.25
book-23-p0366,23,B,12,body,1,6,0.503673,0,1,1,,0,0,1,2,13.11
book-23-p0366,23,B,17,body,1,10,0.550122,1,1,1,,0,0,0,0,17.05
book-23-p0366,23,B,23,body,1,9,0.577618,0,1,1,,0,0,1,1,41.79
book-23-p0366,23,B,24,body,1,12,0.460163,0,1,1,,0,0,1,2,52.49
book-23-p0366,23,B,30,body,1,4,0.382143,0,1,1,,0,0,1,1,11.06
book-23-p0376,23,B,30,body,1,12,0.530924,1,1,1,,0,0,0,0,17.29
book-23-p0396,23,B,0,body,1,3,0.477092,1,1,1,,0,0,0,0,18.19
book-23-p0435,23,B,3,body,1,10,0.518143,1,1,1,,0,0,0,0,19.45
book-23-p0435,23,B,10,body,1,9,0.525409,0,1,1,,0,0,1,1,17.20
book-23-p0501,23,B,9,body,1,2,0.472142,1,1,1,,0,0,0,0,16.96
book-23-p0501,23,B,12,body,1,4,0.503867,0,1,1,,0,0,1,1,22.28
book-23-p0501,23,B,17,title,1,10,0.458738,0,1,1,,0,0,1,5,49.74
book-23-p0545,23,B,5,body,1,5,0.374044,0,1,1,,0,0,1,3,15.42
book-23-p0545,23,B,30,body,1,8,0.366268,0,1,1,,0,0,1,5,42.10
book-23-p0555,23,B,14,body,1,9,0.542541,1,1,1,,0,0,0,0,52.38
book-23-p0555,23,B,31,body,1,3,0.471115,1,1,0,outside-changed,1,1,0,0,34.93
book-23-p0603,23,B,1,body,1,14,0.573129,0,1,1,,0,0,1,1,45.30
book-23-p0603,23,B,23,body,1,3,0.518707,1,1,1,,0,0,0,0,13.82
book-23-p0603,23,B,24,body,1,3,0.558087,0,1,1,,0,0,1,2,24.87
book-23-p0666,23,B,9,body,1,3,0.341444,0,1,1,,0,0,1,4,34.07
book-23-p0851,23,B,9,body,1,10,0.576621,0,1,1,,0,0,1,2,11.60
book-23-p0851,23,B,20,body,1,6,0.536904,1,1,1,,0,0,1,2,25.88
book-24-p0062,24,B,1,body,1,7,0.551698,1,1,1,,0,0,0,0,23.14
book-24-p0109,24,B,32,body,1,6,0.548327,0,1,1,,0,0,1,3,25.46
book-24-p0112,24,B,15,body,1,6,0.481328,0,1,1,,0,0,1,4,13.84
book-24-p0200,24,B,1,body,1,7,0.487693,0,1,1,,0,0,1,2,14.02
book-24-p0200,24,B,23,body,2,12,0.533949,0,1,1,,0,0,2,2,12.68
book-24-p0243,24,B,2,body,1,7,0.566376,0,1,1,,0,0,1,2,14.17
book-24-p0243,24,B,21,body,1,9,0.571921,0,1,1,,0,0,1,3,16.87
book-24-p0243,24,B,29,body,1,6,0.366629,0,1,1,,0,0,1,1,9.98
book-24-p0302,24,B,2,body,1,4,0.318784,0,1,1,,0,0,1,2,15.48
book-24-p0302,24,B,32,body,1,8,0.210681,0,1,1,,0,0,1,3,15.16
book-24-p0317,24,B,12,body,1,4,0.534492,0,1,1,,0,0,1,2,13.86
book-24-p0317,24,B,17,body,1,1,0.464742,0,1,1,,0,0,1,1,14.84
book-24-p0317,24,B,23,body,1,9,0.525066,0,1,1,,0,0,1,2,26.71
book-24-p0325,24,B,31,body,1,7,0.419057,0,1,1,,0,0,1,3,16.50
book-24-p0392,24,B,12,body,1,10,0.516435,0,1,1,,0,0,1,1,12.85
book-24-p0392,24,B,28,body,1,6,0.597553,0,1,1,,0,0,1,2,38.82
book-24-p0392,24,B,32,body,1,2,0.512730,0,1,1,,0,0,1,1,20.07
book-24-p0404,24,B,2,body,1,3,0.588827,0,1,1,,0,0,1,1,25.04
book-24-p0404,24,B,10,body,1,6,0.547589,0,1,1,,0,0,1,1,35.35
book-24-p0404,24,B,14,body,1,7,0.520801,0,1,1,,0,0,1,2,20.39
book-24-p0404,24,B,21,body,1,6,0.541349,0,1,1,,0,0,1,1,20.69
book-24-p0404,24,B,27,body,1,4,0.599776,0,1,1,,0,0,1,3,17.07
book-24-p0409,24,B,27,body,1,5,0.286225,0,1,1,,0,0,1,2,42.11
book-24-p0434,24,B,0,body,1,7,0.335408,0,1,1,,0,0,1,1,35.12
book-24-p0434,24,B,32,body,1,3,0.356642,0,1,1,,0,0,1,1,13.52
book-24-p0436,24,B,2,title,1,3,0.575120,1,1,0,outside-changed,1,1,0,0,18.36
book-24-p0436,24,B,15,body,1,2,0.507644,1,1,1,,0,0,0,0,21.24
book-24-p0436,24,B,18,body,1,7,0.465114,0,1,1,,0,0,1,2,23.02
book-24-p0436,24,B,25,body,1,10,0.472427,0,1,1,,0,0,1,1,13.81
book-24-p0444,24,B,23,body,1,5,0.551333,0,1,1,,0,0,1,1,24.64
book-24-p0456,24,B,9,body,1,7,0.537633,1,1,1,,0,0,0,0,21.12
book-24-p0456,24,B,13,body,1,1,0.119911,1,1,1,,0,0,0,0,24.13
book-24-p0471,24,B,26,body,1,5,0.522022,0,1,1,,0,0,1,1,19.60
book-24-p0480,24,B,23,body,1,7,0.568870,0,1,1,,0,0,1,3,27.10
book-24-p0480,24,B,32,body,1,4,0.516794,0,1,1,,0,0,1,2,24.59
book-24-p0481,24,B,9,body,1,6,0.555081,1,1,1,,0,0,0,0,23.52
book-24-p0481,24,B,20,body,1,7,0.573708,1,1,1,,0,0,0,0,26.15
book-24-p0506,24,B,14,body,1,4,0.354579,0,1,1,,0,0,1,1,23.52
book-24-p0506,24,B,30,body,1,4,0.520642,0,1,1,,0,0,1,1,29.12
book-24-p0562,24,B,24,body,1,5,0.552961,1,1,1,,0,0,0,0,34.73
book-24-p0562,24,B,30,body,1,5,0.547480,0,1,1,,0,0,1,3,38.60
book-24-p0562,24,B,31,body,1,3,0.521040,0,1,1,,0,0,1,2,22.89
book-24-p0562,24,B,32,body,1,3,0.594388,0,1,1,,0,0,1,1,35.72
book-24-p0562,24,B,33,body,1,12,0.597285,0,1,1,,0,0,1,8,15.11
book-24-p0734,24,B,0,body,1,3,0.466269,0,1,1,,0,0,1,1,33.39
book-24-p0734,24,B,21,body,1,9,0.589997,1,1,1,,0,0,0,0,25.25
book-24-p0752,24,B,11,body,1,5,0.572931,0,1,1,,0,0,1,3,31.90
book-24-p0752,24,B,25,body,1,7,0.554292,0,1,1,,0,0,1,2,28.54
book-24-p0880,24,B,3,body,1,2,0.479205,1,1,1,,0,0,0,0,39.84
book-24-p0880,24,B,7,body,1,5,0.593322,0,1,1,,0,0,1,1,25.25
book-24-p0880,24,B,14,body,1,7,0.510930,0,1,1,,0,0,1,1,29.45
book-24-p0880,24,B,15,body,1,11,0.496388,0,1,1,,0,0,1,2,13.97
book-24-p0880,24,B,22,body,1,3,0.553958,0,1,1,,0,0,1,3,15.24
book-24-p0880,24,B,30,body,2,11,0.413702,0,1,1,,0,0,2,4,5.99
book-24-p0888,24,B,6,body,2,7,0.549268,0,1,1,,0,0,2,5,42.77
book-24-p0888,24,B,12,body,2,9,0.412768,0,1,1,,0,0,2,4,10.55
book-24-p0888,24,B,18,body,2,10,0.408147,0,1,1,,0,0,2,5,16.74
book-24-p0888,24,B,24,body,1,8,0.307402,0,1,1,,0,0,1,2,7.79
