xlsx_piece,docx_piece,offset,title_similarity
1,1,0,0.951
2,2,0,0.952
3,3,0,0.974
4,4,0,0.994
5,5,0,0.965
6,6,0,0.977
7,7,0,0.948
8,8,0,0.954
9,9,0,0.959
10,10,0,0.978
11,11,0,1.000
12,12,0,0.987
13,13,0,1.000
14,14,0,0.975
15,15,0,0.991
16,16,0,1.000
17,17,0,0.988
18,18,0,0.988
19,19,0,0.986
20,20,0,1.000
21,21,0,1.000
22,22,0,1.000
23,23,0,0.991
24,24,0,0.955
25,25,0,0.979
26,26,0,0.986
27,27,0,0.977
28,28,0,0.946
29,29,0,0.974
30,30,0,0.973
31,31,0,0.972
32,32,0,0.942
33,33,0,0.974
34,34,0,0.961
35,35,0,0.980
36,36,0,0.955
37,37,0,0.963
38,38,0,0.974
39,40,1,0.976
40,41,1,0.973
41,42,1,0.952
42,43,1,1.000
43,44,1,0.926
44,45,1,0.500
45,46,1,0.979
46,47,1,0.935
47,48,1,0.957
48,49,1,0.931
49,50,1,0.957
50,51,1,1.000
51,52,1,0.978
52,53,1,0.958
53,54,1,0.970
54,55,1,0.935
55,56,1,0.961
56,57,1,0.976
57,58,1,0.892
58,59,1,0.965
59,60,1,1.000
60,61,1,0.982
61,62,1,0.891
62,63,1,0.953
63,64,1,0.956
64,65,1,0.878
65,66,1,0.952
66,67,1,0.846
67,68,1,0.643
68,70,2,0.545
69,71,2,0.926
70,72,2,0.982
71,73,2,0.977
72,74,2,0.950
73,75,2,0.953
74,76,2,0.992
75,77,2,1.000
76,78,2,0.974
77,79,2,1.000
78,80,2,0.943
79,81,2,0.949
80,82,2,0.837
81,83,2,0.981
82,84,2,0.979
83,86,3,0.959
84,87,3,0.946
85,88,3,0.990
86,89,3,0.986
87,90,3,0.974
88,91,3,0.991
89,92,3,0.941
90,93,3,0.976
91,94,3,1.000
92,95,3,1.000
93,96,3,0.961
94,97,3,0.987
95,98,3,1.000
96,99,3,1.000
97,100,3,1.000
98,101,3,1.000
99,102,3,1.000
100,103,3,1.000
101,104,3,1.000
102,105,3,1.000
103,106,3,1.000
104,107,3,1.000
105,108,3,1.000
106,109,3,1.000
107,110,3,1.000
108,111,3,1.000
109,112,3,1.000
110,113,3,1.000
111,114,3,1.000
112,115,3,1.000
113,116,3,1.000
114,117,3,1.000
115,118,3,1.000
116,119,3,1.000
117,120,3,1.000
118,121,3,1.000
119,122,3,1.000
120,123,3,1.000
121,124,3,0.830
122,125,3,1.000
123,126,3,1.000
124,127,3,1.000
125,128,3,1.000
126,129,3,1.000
127,130,3,1.000
128,131,3,1.000
129,132,3,1.000
130,133,3,1.000
131,134,3,1.000
132,135,3,1.000
133,136,3,0.941
134,137,3,1.000
135,138,3,0.745
136,139,3,1.000
137,140,3,1.000
138,141,3,1.000
139,142,3,1.000
140,143,3,1.000
141,144,3,1.000
142,145,3,1.000
143,146,3,1.000
144,147,3,0.853
145,148,3,1.000
146,149,3,1.000
147,150,3,1.000
148,151,3,1.000
149,152,3,1.000
150,153,3,1.000
151,154,3,1.000
152,155,3,1.000
153,156,3,1.000
154,157,3,1.000
155,158,3,1.000
156,159,3,1.000
157,160,3,1.000
158,161,3,1.000
159,162,3,1.000
160,163,3,1.000
161,164,3,0.893
162,165,3,0.868
163,166,3,1.000
164,167,3,1.000
165,168,3,1.000
166,169,3,1.000
167,170,3,1.000
168,171,3,1.000
169,172,3,1.000
170,173,3,1.000
171,174,3,1.000
172,175,3,1.000
173,176,3,1.000
174,177,3,1.000
175,178,3,1.000
176,179,3,0.875
177,180,3,1.000
178,181,3,1.000
179,182,3,1.000
180,183,3,1.000
181,184,3,1.000
182,185,3,0.915
183,186,3,1.000
184,187,3,1.000
185,188,3,1.000
186,189,3,1.000
187,190,3,1.000
188,191,3,1.000
189,192,3,1.000
190,193,3,1.000
191,194,3,1.000
192,195,3,1.000
193,196,3,1.000
194,197,3,1.000
195,198,3,1.000
196,199,3,1.000
197,200,3,1.000
198,201,3,1.000
199,202,3,1.000
200,203,3,1.000
201,204,3,1.000
202,205,3,1.000
203,206,3,1.000
204,207,3,1.000
205,208,3,1.000
206,209,3,1.000
207,210,3,1.000
208,211,3,1.000
209,212,3,1.000
210,213,3,1.000
211,214,3,1.000
212,215,3,1.000
213,216,3,1.000
214,217,3,1.000
215,218,3,1.000
216,219,3,1.000
217,220,3,1.000
218,221,3,1.000
219,222,3,1.000
220,223,3,1.000
221,224,3,1.000
222,225,3,1.000
223,226,3,1.000
224,227,3,1.000
225,228,3,1.000
226,229,3,1.000
227,230,3,1.000
228,231,3,1.000
229,232,3,0.992
230,233,3,1.000
231,234,3,1.000
232,235,3,0.789
233,236,3,1.000
234,237,3,1.000
235,238,3,1.000
236,239,3,1.000
237,240,3,1.000
238,241,3,1.000
239,242,3,1.000
240,243,3,1.000
241,244,3,1.000
242,245,3,1.000
243,246,3,1.000
244,247,3,1.000
245,248,3,1.000
246,249,3,1.000
247,250,3,1.000
248,251,3,1.000
249,252,3,1.000
250,253,3,1.000
251,254,3,1.000
252,255,3,1.000
253,256,3,1.000
254,257,3,1.000
255,258,3,1.000
256,259,3,1.000
257,260,3,1.000
258,261,3,1.000
259,262,3,1.000
260,263,3,1.000
261,264,3,1.000
262,265,3,1.000
263,266,3,1.000
264,267,3,1.000
265,268,3,1.000
266,269,3,1.000
267,270,3,1.000
268,271,3,1.000
269,272,3,1.000
270,273,3,1.000
271,274,3,1.000
272,275,3,1.000
273,276,3,1.000
274,277,3,1.000
275,278,3,1.000
276,279,3,1.000
277,280,3,1.000
278,281,3,1.000
279,282,3,1.000
280,283,3,1.000
281,284,3,1.000
282,285,3,1.000
283,286,3,1.000
284,287,3,1.000
285,288,3,1.000
286,289,3,1.000
287,290,3,1.000
288,291,3,1.000
289,292,3,1.000
290,293,3,1.000
291,294,3,1.000
292,295,3,1.000
293,296,3,1.000
294,297,3,1.000
295,298,3,1.000
296,299,3,1.000
297,300,3,1.000
298,301,3,1.000
299,302,3,1.000
300,303,3,1.000
301,304,3,1.000
302,305,3,1.000
303,306,3,1.000
304,307,3,1.000
305,308,3,1.000
306,309,3,1.000
307,310,3,1.000
308,311,3,1.000
309,312,3,1.000
310,313,3,1.000
311,314,3,1.000
312,315,3,1.000
313,316,3,1.000
314,317,3,1.000
315,318,3,1.000
316,319,3,1.000
317,320,3,1.000
318,321,3,1.000
319,322,3,1.000
320,323,3,1.000
321,324,3,1.000
322,325,3,1.000
323,326,3,1.000
324,327,3,1.000
325,328,3,1.000
326,329,3,1.000
327,330,3,1.000
328,331,3,1.000
329,332,3,1.000
330,333,3,1.000
331,334,3,1.000
332,335,3,1.000
333,336,3,1.000
334,337,3,1.000
335,338,3,1.000
336,339,3,0.955
337,340,3,1.000
338,341,3,1.000
339,342,3,1.000
340,343,3,1.000
341,344,3,1.000
342,345,3,1.000
343,346,3,1.000
344,347,3,1.000
345,348,3,1.000
346,349,3,1.000
347,350,3,1.000
348,351,3,1.000
349,352,3,1.000
350,353,3,1.000
351,354,3,1.000
352,355,3,1.000
353,356,3,1.000
354,357,3,1.000
355,358,3,1.000
356,359,3,1.000
357,360,3,1.000
358,361,3,1.000
359,362,3,1.000
360,363,3,1.000
361,364,3,1.000
362,365,3,1.000
363,366,3,1.000
364,367,3,1.000
365,368,3,1.000
366,369,3,1.000
367,370,3,1.000
368,371,3,1.000
369,372,3,1.000
370,373,3,1.000
371,374,3,1.000
372,375,3,1.000
373,376,3,1.000
374,377,3,1.000
375,378,3,1.000
376,379,3,1.000
377,380,3,1.000
378,381,3,1.000
379,382,3,1.000
380,383,3,1.000
381,384,3,1.000
382,385,3,1.000
383,386,3,1.000
384,387,3,1.000
385,388,3,1.000
386,389,3,1.000
387,390,3,1.000
388,391,3,1.000
389,392,3,1.000
390,393,3,1.000
391,394,3,1.000
392,395,3,1.000
393,396,3,1.000
394,397,3,1.000
395,398,3,1.000
396,399,3,1.000
397,400,3,1.000
398,401,3,1.000
399,402,3,1.000
400,403,3,1.000
401,404,3,1.000
402,405,3,1.000
403,406,3,1.000
404,407,3,1.000
405,408,3,1.000
406,409,3,1.000
407,410,3,1.000
408,411,3,1.000
409,412,3,1.000
410,413,3,1.000
411,414,3,1.000
412,415,3,0.921
413,416,3,1.000
414,417,3,1.000
415,418,3,1.000
416,419,3,0.941
417,420,3,0.980
418,421,3,1.000
419,422,3,1.000
420,423,3,1.000
421,424,3,0.968
422,425,3,1.000
423,426,3,0.955
424,427,3,1.000
425,428,3,1.000
426,429,3,1.000
427,430,3,1.000
428,431,3,1.000
429,432,3,1.000
430,433,3,1.000
431,434,3,1.000
432,435,3,1.000
433,436,3,1.000
434,437,3,1.000
435,438,3,1.000
436,439,3,1.000
437,440,3,1.000
438,441,3,1.000
439,442,3,1.000
440,443,3,0.841
441,444,3,0.929
442,445,3,1.000
443,446,3,1.000
444,447,3,1.000
445,448,3,1.000
446,449,3,1.000
447,450,3,1.000
448,451,3,1.000
449,452,3,1.000
450,453,3,1.000
451,454,3,0.931
452,455,3,1.000
453,456,3,1.000
454,457,3,1.000
455,458,3,0.902
456,459,3,1.000
457,460,3,1.000
