piece,cohort,passage_id,livre,chapter,start,end,score
1,catalogue,cmu6rke3v0000rs7gb11v5l75,1,9,157621,158065,0.887097
2,catalogue,cmu6rke4w0001rs7g7dcg7eby,1,33,622356,623398,0.962963
3,catalogue,cmu6rke5q0002rs7glj097cxv,1,33,624431,626231,0.935484
4,catalogue,cmu6rke6m0003rs7gztxqey7k,1,33,626741,628709,0.923858
5,catalogue,cmu6rke7f0004rs7g409q8a0k,1,33,629155,631806,0.907631
6,catalogue,cmu6rke8a0005rs7gd37vnofy,1,33,633805,634647,0.948454
7,catalogue,cmu6rke950006rs7gb1ritrxq,1,,732131,734046,0.924324
8,catalogue,cmu6rkea10007rs7gqgwa207h,1,,735798,736286,0.948052
9,catalogue,cmu6rkeav0008rs7gjbfvn6pw,1,,820577,821060,0.942857
10,catalogue,cmu6rkebm0009rs7gdav68xus,2,,2027,2500,0.984127
11,catalogue,cmu6rkece000ars7gh70zrt97,2,,36696,38578,0.900524
12,catalogue,cmu6rked7000brs7ginla3pqj,2,4,53622,55866,0.933036
13,catalogue,cmu6rkedz000crs7gf6k38spv,2,4,57055,57437,0.923077
14,catalogue,cmu6rkeer000drs7gbthpdurq,2,4,57507,57901,0.981132
15,catalogue,cmu6rkefj000ers7gwoslyppm,2,,82033,82833,0.945055
16,catalogue,cmu6rkegb000frs7gicl6xrz6,2,,90606,91060,0.913793
17,catalogue,cmu6rkeh6000grs7gfi4q46zh,2,,92556,93567,0.982906
18,catalogue,cmu6rkehz000hrs7gcyoukbpu,2,,113282,113752,0.887097
19,catalogue,cmu6rkeiq000irs7g99ub5i6y,2,8,131977,133126,0.868217
20,catalogue,cmu6rkekk000jrs7g0yyk6dca,2,8,134086,134995,0.954545
21,catalogue,cmu6rkelc000krs7g0z60ymps,2,8,135326,135762,0.953125
22,catalogue,cmu6rkem6000lrs7gfzw182y1,2,10,168095,168491,0.894737
23,catalogue,cmu6rkemy000mrs7gqp7h05bb,2,10,168558,170686,0.926829
24,catalogue,cmu6rkens000nrs7gxd0i82jb,2,10,173455,175035,0.890805
25,catalogue,cmu6rkeok000ors7gat6zpqv0,2,11,178098,178953,0.927083
26,catalogue,cmu6rkepc000prs7gxwts1032,2,,209888,210892,0.913793
27,catalogue,cmu6rkeq3000qrs7guwno92ec,2,,211029,211752,0.942529
28,catalogue,cmu6rkeqw000rrs7gw0z71e8l,2,,213443,214500,0.898148
29,catalogue,cmu6rkerp000srs7gf1sglwkn,2,,214502,215056,0.959459
30,catalogue,cmu6rkesh000trs7gx1umpchf,2,15,311886,312735,0.923077
31,catalogue,cmu6rket9000urs7ge6e08rn9,2,15,315431,315929,0.969697
32,catalogue,cmu6rketz000vrs7g9z4b00hc,2,15,320000,321105,0.887931
33,catalogue,cmu6rkeut000wrs7gz2lj1asp,2,,328070,329799,0.932203
34,catalogue,cmu6rkevm000xrs7gu29mlxp7,2,,329995,331519,0.906250
35,catalogue,cmu6rkewg000yrs7gv8ox0g18,2,,366405,369594,0.887681
36,catalogue,cmu6rkexh000zrs7gb665gu2w,2,,369780,371069,0.962963
37,catalogue,cmu6rkey80010rs7go6i7dqb9,2,18,394283,394952,0.931034
38,catalogue,cmu6rkez00011rs7ghxu2nss6,2,18,386194,386771,0.925000
39,catalogue,cmu6rkf0m0013rs7gr8w7547p,2,18,400794,401466,0.912500
40,catalogue,cmu6rkf1d0014rs7g2ubhit9q,2,19,420310,421090,0.969072
41,catalogue,cmu6rkf260015rs7gxl8lx73d,2,19,425732,426270,0.859155
42,catalogue,cmu6rkf2y0016rs7gyb5t8yqe,2,19,426272,426834,0.945946
43,catalogue,cmu6rkf3r0017rs7gmaouaxnl,2,20,450555,453068,0.892116
45,catalogue,cmu6rkf4k0018rs7g82vjutw5,2,20,453070,453390,0.869565
46,catalogue,cmu6rkf5d0019rs7g55wp48wk,2,20,460611,461449,0.865854
47,catalogue,cmu6rkf67001ars7g5rbkdwte,18,1,4818,5145,0.437500
48,catalogue,cmu6rkf6z001brs7g9dirl50y,2,20,469089,469852,0.886364
49,catalogue,cmu6rkf7s001crs7ga3g3p902,2,20,470065,471089,0.971154
50,catalogue,cmu6rkf8l001drs7gafoqtl44,2,20,471094,471660,0.888889
51,catalogue,cmu6rkf9c001ers7gzdv9gwcv,2,20,473018,475477,0.911504
52,catalogue,cmu6rkfa6001frs7g4mck6pzy,2,20,475921,477050,0.899225
53,catalogue,cmu6rkfb1001grs7g3v6wucru,2,21,479973,480812,0.929293
54,catalogue,cmu6rkfbt001hrs7gha5nsf1k,2,21,481107,482251,0.904412
55,catalogue,cmu6rkfcm001irs7g5j792zvq,2,21,487565,487991,0.915254
56,catalogue,cmu6rkfdc001jrs7gmc9p6tss,2,21,488157,488487,0.934783
57,catalogue,cmu6rkfe3001krs7gt4hoe51m,2,21,490509,491449,0.918182
58,catalogue,cmu6rkfet001lrs7gjvaw55dc,2,21,506831,507589,0.857143
59,catalogue,cmu6rkffl001mrs7g9z12ai9g,2,,509412,509788,0.910714
60,catalogue,cmu6rkfgf001nrs7gh2ys8fbt,2,,517519,518578,0.944882
61,catalogue,cmu6rkfh8001ors7g34a0arl7,2,,528447,529017,0.914286
62,catalogue,cmu6rkfhz001prs7gzzadcmip,2,,533144,534220,0.926829
63,catalogue,cmu6rkfiq001qrs7ghmkjsma3,2,,534222,535172,0.879032
64,catalogue,cmu6rkfji001rrs7gszwrit4z,2,,537393,537828,0.883333
65,catalogue,cmu6rkfkb001srs7gu7lyhnp0,3,,3233,5273,0.790476
69,catalogue,cmu6rkfob001xrs7g23fjpsib,3,,73757,76083,0.852174
70,catalogue,cmu6rkfp5001yrs7gwp5fgzgx,3,,87405,88532,0.833333
71,catalogue,cmu6rkfpz001zrs7gtsouw0e6,3,,96079,96892,0.894737
72,catalogue,cmu6rkfqq0020rs7g5jqb1lcq,3,,98433,98895,0.896552
73,catalogue,cmu6rkfri0021rs7g3grn06qw,3,,101720,103862,0.884793
74,catalogue,cmu6rkfsb0022rs7g39q4fvoy,3,,104079,105697,0.911111
75,catalogue,cmu6rkft30023rs7g4akh8db6,3,,122643,123549,0.884956
76,catalogue,cmu6rkftv0024rs7grxbv96z4,3,,128089,128530,0.844828
77,catalogue,cmu6rkfun0025rs7gxo05c2vr,3,,128742,129126,0.948276
78,catalogue,cmu6rkfve0026rs7gax1qciox,3,,147354,149340,0.885417
79,catalogue,cmu6rkfw80027rs7g2chw368r,3,,150012,151814,0.883598
80,catalogue,cmu6rkfx10028rs7gkjo6sdn8,3,,163952,164810,0.935185
81,catalogue,cmu6rkfxu0029rs7g4ex00xpr,3,,166624,167121,0.911765
82,catalogue,cmu6rkfym002ars7gcl9hnylb,3,7,228500,229344,0.909091
83,catalogue,cmu6rkg0d002crs7gu6srczt5,3,7,237074,237472,0.947368
84,catalogue,cmu6rkg15002drs7gpxd67wtx,3,7,238698,240283,0.871951
85,catalogue,cmu6rkg1z002ers7gjszhymqk,3,,304064,304310,0.861111
86,catalogue,cmu6rkg2r002frs7g81lbfrg9,3,,306283,306899,0.857143
87,catalogue,cmu6rkg3j002grs7gwrpnqiba,3,,306886,307549,0.919540
88,catalogue,cmu6rkg4c002hrs7gg8n9l9za,3,,326642,327150,0.898551
89,catalogue,cmu6rkg54002irs7gunw588t2,3,9,261217,261413,0.510204
90,catalogue,cmu6rkg5x002jrs7gv6lu6svw,3,2,36778,37056,0.589744
91,catalogue,cmu6rkg6o002krs7g4mxmz1gl,3,12,345926,346388,0.952381
92,catalogue,cmu6rkg8o002lrs7gnsyayiey,3,12,347495,348435,0.882353
93,catalogue,cmu6rkg9i002mrs7g5vhrbegr,3,12,348743,349247,0.910448
94,catalogue,cmu6rkgab002nrs7gm259ng1k,3,12,350707,351760,0.859375
95,catalogue,cmu6rkgb6002ors7gmw4xvvmh,3,12,358932,361355,0.880658
96,catalogue,cmu6rkgby002prs7g1jlo90vv,3,12,361429,361822,0.913793
97,catalogue,cmu6rkgcq002qrs7gxcfi7oan,3,,412607,413426,0.883495
98,catalogue,cmu6rkgdh002rrs7gsmpe54e2,3,,413774,414173,0.925926
99,catalogue,cmu6rkge8002srs7g723ntv5y,3,,418255,419500,0.869863
100,catalogue,cmu6rkgf1002trs7g7ue8sz7j,3,,420457,423285,0.861004
101,catalogue,cmu6rkgfv002urs7gk0fgcf0q,3,,425817,426610,0.938144
102,catalogue,cmu6rkggm002vrs7gp8ywmpmk,3,,426884,428366,0.870370
103,catalogue,cmu6rkghf002wrs7g416jod6m,3,,442752,444761,0.871134
104,catalogue,cmu6rkgi7002xrs7glh2gz1mw,3,,451002,452293,0.875912
105,catalogue,cmu6rkgj1002yrs7gb67t0mbj,3,,459269,461644,0.919149
106,catalogue,cmu6rkgjx002zrs7gtnwmxhav,3,,475362,476177,0.867925
107,catalogue,cmu6rkgkq0030rs7g8wxkp0io,3,16,493151,493895,0.927835
108,catalogue,cmu6rkgli0031rs7g9kjk75k2,3,16,496478,497552,0.919355
109,catalogue,cmu6rkgmc0032rs7gw3g7htqh,3,16,499428,501047,0.883721
110,catalogue,cmu6rkgn40033rs7gesrvt4l3,3,16,516162,517730,0.858025
111,catalogue,cmu6rkgnx0034rs7gr2jgwlzy,3,16,520409,523535,0.888502
112,catalogue,cmu6rkgot0035rs7g3hvfcgms,3,16,523722,525446,0.912088
113,catalogue,cmu6rkgpn0036rs7gulpbfej3,3,16,526235,526711,0.887097
114,catalogue,cmu6rkgqh0037rs7g4qx56fic,3,,528148,529094,0.883495
115,catalogue,cmu6rkgrc0038rs7gp6q8c0sx,3,,529347,530147,0.860000
116,catalogue,cmu6rkgs70039rs7g61o6jx28,3,,534069,534833,0.946237
117,workbook,cmu1ov2eo000004l9br0hguzm,4,,2071,2991,0.950000
118,workbook,cmu1ov2na000104l9reern2dp,4,,3193,4488,0.926174
119,workbook,cmu1ov2ry000204l99m7ppj6i,4,,4483,5067,0.957143
120,workbook,cmu1ov2wy000304l93tjbjegc,4,,5069,5483,0.920635
121,workbook,cmu1ov2zh000404l96466re6r,4,,32078,35085,0.903704
122,workbook,cmu1ov320000504l9w8ssk3zh,4,,35312,36924,0.909091
123,workbook,cmu1ov34v000604l92cyuueoh,4,,45518,47237,0.900585
124,workbook,cmu1ov39r000704l9wrudoj4m,4,,47239,49691,0.890830
125,workbook,cmu1ov3gr000804l9xzfnvgxj,4,4,51434,52213,0.942529
126,workbook,cmu1ov3o3000904l9xz2bqyak,4,4,52215,53701,0.948387
127,workbook,cmu1ov3vd000a04l94he2w0k1,4,4,55584,56461,0.930693
128,workbook,cmu1ov42p000b04l9m6ailkeq,4,4,57883,58675,0.969697
129,workbook,cmu1ov4aa000c04l9g0frv4gy,4,4,58887,63685,0.925187
130,workbook,cmu1ov4cu000d04l9a32pmndd,4,4,67009,67956,0.900901
131,workbook,cmu1ov4hk000e04l9acujc9x7,4,,69045,69797,0.864583
132,workbook,cmu1ov4k0000f04l9bq6rci9c,4,,69799,70741,0.962264
133,workbook,cmu1ov4ox000g04l9l6e0yari,4,,91529,93175,0.907514
134,workbook,cmu1ov4sd000h04l9uduo93sq,4,,93554,94566,0.885965
135,workbook,cmu1ov4wn000i04l9wkj5k3hr,4,7,95383,97109,0.907514
136,workbook,cmu1ov4z3000j04l9dj1n8gul,4,7,101416,104836,0.887043
137,workbook,cmu1ov53w000k04l9db3uvljk,4,7,104838,106199,0.870968
138,workbook,cmu1ov561000l04l9bhsjkfqr,4,7,106656,107184,0.939024
139,workbook,cmu1ov5b8000m04l9havov2im,4,,111956,113632,0.939560
140,workbook,cmu1ov5f4000n04l9lvbmaf4j,4,,119141,121723,0.887500
141,workbook,cmu1ov5ip000o04l9dphlw96b,4,,121725,122728,0.918699
142,workbook,cmu1ov5ly000p04l96qre6ga5,4,,148699,150291,0.906433
143,workbook,cmu1ov5q8000q04l95r4fl8kb,4,,150651,151311,0.875000
144,workbook,cmu1ov5xp000r04l9un9x7i4p,4,,168868,170594,0.876404
145,workbook,cmu1ov602000s04l93d1fvqet,4,,233453,236155,0.892000
146,workbook,cmu1ov65t000t04l9mgq9fy52,4,,242975,246763,0.855513
147,workbook,cmu1ov6jx000u04l947ry1xha,4,,254154,255906,0.839572
148,workbook,cmu1ov6mi000v04l9i4lftfcv,4,,256011,256532,0.915493
149,workbook,cmu1ov6r5000w04l90o1mxe02,4,,260352,261153,0.911765
150,workbook,cmu1ov6wm000x04l9327maq0r,4,,261155,262379,0.884354
151,workbook,cmu1ov7ze000004ld7yp3cue9,4,,263054,264748,0.906977
152,workbook,cmu1ov83n000104ld99uhx0b7,4,,264824,265948,0.911765
153,workbook,cmu1ov88j000204ldr1qsgtbq,4,,267394,268188,0.914894
154,workbook,cmu1ov8ej000304ldnahomaag,4,,268190,268516,0.936170
155,workbook,cmu1ov8pz000404ldlmf1u1w6,4,,268505,269095,0.888889
156,workbook,cmu1ov8xu000504ldxek4bung,4,,298460,298985,0.840580
157,workbook,cmu1ov94k000604ldv6lro5qh,4,,305112,305440,0.891304
158,workbook,cmu1ov9b2000704ldd9frtz1z,4,,305442,305915,0.969697
159,workbook,cmu1ov9df000804ld0as3s7uz,4,,306757,307353,0.925000
160,workbook,cmu1ov9hf000904ldnapqw150,4,,311632,312926,0.902778
161,workbook,cmu1ov9jl000a04lddqtkix8u,4,,313017,313708,0.901235
162,workbook,cmu1ov9nx000b04ldopibov69,4,25,330675,332501,0.910615
163,workbook,cmu1ov9py000c04ldnlmsrlp5,4,25,332820,334141,0.895105
164,workbook,cmu1ov9tx000d04ldfuptnykn,4,27,361484,362713,0.912409
165,workbook,cmu1ov9vn000e04ldw2lokx0a,4,,382213,383284,0.832061
166,workbook,cmu1ova1n000f04ldixme4ie3,4,,443393,444398,0.885246
167,workbook,cmu1ova78000g04ldpbmwhkfj,4,,447610,448626,0.896825
168,workbook,cmu1ova95000h04ldqrk5bupc,4,,529232,530128,0.862385
169,workbook,cmu1ovada000i04lddlfwu4t8,4,,545650,546466,0.917526
170,workbook,cmu1ovafa000j04ld7s42evyp,4,,547687,549104,0.885135
171,workbook,cmu1ovajt000k04ldzbz6zgae,4,,549233,550072,0.886792
172,workbook,cmu1ovam3000l04ld55x2biho,4,,553069,554135,0.912000
173,workbook,cmu1ovaq6000m04ldh0kptp5s,5,,52143,53607,0.891566
174,workbook,cmu1ovawr000n04ldmmiitn37,5,,242278,242954,0.930233
175,workbook,cmu1ovb34000o04lddv38vs6g,5,28,265745,268346,0.912698
176,workbook,cmu1ovb5e000p04ld3wu70ymf,5,,326203,328913,0.915966
177,workbook,cmu1ovb9j000q04ld2ludgo8m,5,,482161,484662,0.874439
178,workbook,cmu1ovbbi000r04ldqofxeqdj,5,,500368,501527,0.934307
179,workbook,cmu1ovbh2000s04ld8bkbatpf,5,48,518908,520151,0.901408
180,workbook,cmu1ovbjv000t04ld65fghibb,5,48,521505,522600,0.950000
181,workbook,cmu1ovbmo000u04ld611rnjed,5,,553788,554995,0.930769
182,workbook,cmu1ovbpn000v04ld8cn4u8wh,5,,583472,584649,0.948148
183,workbook,cmu1ovbrh000w04ldsyoyuqxd,6,6,54676,55414,0.886598
184,workbook,cmu1ovbta000x04ldlaa44sfn,6,7,71032,72048,0.945736
185,workbook,cmu1ovbv4000y04ldwn4xzbn6,6,12,119070,119280,1.000000
186,workbook,cmu1ovbxn000z04ldth3trdag,6,12,122265,122919,0.918605
187,workbook,cmu1ovbzt001004ld9y65klzo,6,,136810,137743,0.900901
188,workbook,cmu1ovc3s001104ld4niankn3,6,,139135,140475,0.919463
189,workbook,cmu1ovc6l001204ld7u929wi4,6,21,228532,230281,0.911602
190,workbook,cmu1ovcc3001304ldxx43khuo,6,22,240313,241302,0.933884
191,workbook,cmu1ovcg0001404ldc94r970p,6,22,241724,243139,0.916667
192,workbook,cmu1ovcll001504ldyt3e9mxi,6,22,243537,244575,0.899160
193,workbook,cmu1ovcnz001604ldq3pe7jck,6,22,246872,247952,0.886179
194,workbook,cmu1ovcry001704ldcnil11ci,6,22,249546,250945,0.872483
195,workbook,cmu1ovcur001804ldipqe6sll,6,,294219,295514,0.883212
196,workbook,cmu1ovcye001904ld0tyvmdlj,6,,348496,349618,0.901639
197,workbook,cmu1ovd12001a04ldofhoftcs,6,,566148,567734,0.888889
198,workbook,cmu1ovd4o001b04ldfkdz5our,6,,578043,578427,0.912281
199,workbook,cmu1ovd6z001c04ldnquvrd5b,7,,189454,190935,0.894737
200,workbook,cmu1ovd96001d04ld14rxan78,7,30,333726,335174,0.925926
201,workbook,cmu1ovdbl001e04ldkuq09tht,7,46,449981,451141,0.902256
202,workbook,cmu1ovddg001f04ldy7jlijt9,7,46,451803,452209,0.981132
203,workbook,cmu1ovdfb001g04ldb1gl4wf1,7,46,453425,453919,0.945205
204,workbook,cmu1ovdh3001h04ldyz2bxw5s,7,48,464399,465252,0.896226
205,workbook,cmu1ovdiw001i04lda29yzpb1,7,54,537082,537933,0.940678
206,workbook,cmu1ovdl1001j04ldeiq7n2tb,7,54,538123,539320,0.941606
207,workbook,cmu1ovdnb001k04ldaf2z7p4w,7,61,591647,593973,0.884774
208,workbook,cmu1ovdp7001l04ldt0r9cod9,8,,5521,5829,0.956522
209,workbook,cmu1ovdrx001m04ldka4j01o3,8,,8735,10933,0.897674
210,workbook,cmu1ovduz001n04ld19b2kdcu,8,7,50379,51857,0.922619
211,workbook,cmu1ovdyq001o04ldp9zy97nl,8,7,52651,53576,0.911765
212,workbook,cmu1ove1x001p04ldorao1tw4,8,7,53706,54432,0.945055
213,workbook,cmu1ove4j001q04ldnu3l34ln,8,,60979,62169,0.864286
214,workbook,cmu1ove6g001r04lduelftgwv,8,11,81883,83507,0.899441
215,workbook,cmu1ove92001s04ld9ddajwsy,8,11,94888,97273,0.902439
216,workbook,cmu1oveaz001t04ld8l1j2lf9,8,,127607,129293,0.901163
217,workbook,cmu1oved3001u04ldz5zhw1v4,8,16,129729,131762,0.882927
218,workbook,cmu1ovef5001v04ldxczg74ds,8,,152587,154107,0.897143
219,workbook,cmu1oveh5001w04ldg3wni3g6,8,,167131,168390,0.936170
220,workbook,cmu1ovejf001x04ld58q9jiwc,8,,168582,169173,0.879518
221,workbook,cmu1ovep6001y04ldm76p9k9c,8,,197552,198537,0.921053
222,workbook,cmu1over3001z04ldfjfzcooz,8,,198543,199477,0.936364
223,workbook,cmu1ovetc002004ldzvmoexpt,8,,201805,202780,0.924370
224,workbook,cmu1ovevo002104ldhvjkslqm,8,,232339,233177,0.942308
225,workbook,cmu1ovexr002204ldd4wmetnd,8,31,276679,277069,0.920000
226,workbook,cmu1ovf38002304ld3fs8615c,8,31,277264,277860,0.864198
227,workbook,cmu1ovf8a002404ld4axvzsr9,8,31,278372,278829,0.952381
228,workbook,cmu1ovfax002504ldq6l8l1pu,8,,304641,307816,0.893617
229,workbook,cmu1ovfeu002604ld2iggyglj,8,,310946,312908,0.875598
230,workbook,cmu1ovfig002704ld1jwppble,8,,315189,317510,0.903084
231,workbook,cmu1ovflk002804ldk8px2zyk,8,,319735,321624,0.915789
232,workbook,cmu1ovfox002904ldvzzb19an,8,40,358905,359927,0.897638
233,workbook,cmu1ovfr5002a04ld48dse6yf,8,,400979,402283,0.922535
234,workbook,cmu1ovftm002b04ld7s8xvkv8,8,,437662,438483,0.939394
235,workbook,cmu1ovfvi002c04ld86uhmgv0,8,,440216,441804,0.903955
236,workbook,cmu1ovfyd002d04ldw5dau9yl,8,,441811,444137,0.886076
237,workbook,cmu1ovg0b002e04ldb47t4gug,8,,448962,450406,0.898734
238,workbook,cmu1ovg3c002f04ldeuzjq7f5,8,,450411,451201,0.907216
239,workbook,cmu1ovg57002g04ldv6manxe5,8,52,482103,483292,0.917241
240,workbook,cmu1ovg6w002h04ldueysd60g,8,52,483290,483722,0.967742
241,workbook,cmu1ovg8t002i04ldg3cuk6lz,8,,491387,493625,0.931507
242,workbook,cmu1ovgal002j04lddn3mrclj,8,,493986,496869,0.906015
243,workbook,cmu1ovgcp002k04ldfxefcq57,8,,517778,521031,0.907285
244,workbook,cmu1ovgep002l04ldq8k3e7f3,8,57,541854,543174,0.953333
245,workbook,cmu1ovggi002m04ldr7sao9kc,8,63,589081,591429,0.867841
246,workbook,cmu1ovgid002n04ldyvix1anj,8,,600911,603865,0.898601
247,workbook,cmu1ovgk9002o04ldbt8mc3l2,8,74,704900,705824,0.910714
248,workbook,cmu1ovgmc002p04ldzvz6nl9s,8,,711951,712824,0.919192
249,workbook,cmu1ovgot002q04ldx660n9nu,8,,714103,714764,0.902439
250,workbook,cmu1ovgqn002r04ldf1pdyrvn,8,,721080,724412,0.919463
251,workbook,cmu1ovgt0002s04ldl9nqlgkw,8,,724719,727289,0.872881
252,workbook,cmu1ovgv9002t04ldrrpzycgj,8,,737527,739143,0.927711
253,workbook,cmu1ovgx2002u04lddg6k2ejk,8,,739737,740837,0.873950
254,workbook,cmu1ovgz1002v04ldw6ti2kkq,8,,762976,764326,0.951724
255,workbook,cmu1ovh1o002w04lddn02bnw8,8,83,796969,799139,0.917431
256,workbook,cmu1ovh43002x04ldrnngijfc,8,83,799344,800871,0.926380
257,workbook,cmu1ovh6t002y04lddcr8thgl,8,90,859670,861413,0.927374
258,workbook,cmu1ovh8t002z04ldukjgqgoe,8,,888851,892250,0.866883
259,workbook,cmu1ovhbx003004ldqz806k4b,8,,895635,899741,0.886957
260,workbook,cmu1ovhe8003104ldri8dpkur,9,6,72009,74270,0.898618
261,workbook,cmu1ovhhf003204ldmnk5r1gk,9,6,75571,77268,0.932584
262,workbook,cmu1ovhje003304ldo0c6oyho,9,10,152262,155502,0.884354
263,workbook,cmu1ovhlo003404ld8jmxe4vo,9,,214230,215832,0.928571
264,workbook,cmu1ovhnu003504ld7gslrfpt,9,,228124,230312,0.903846
265,workbook,cmu1ovhpp003604ld5yfbqee7,9,,479233,480463,0.921260
266,workbook,cmu1ovhrp003704ldda630xxb,9,,485161,486457,0.928058
267,workbook,cmu1ovhtr003804ldro0q9cju,9,,494257,495584,0.885135
268,workbook,cmu1ovhvr003904lddx1c3mif,9,,530247,532240,0.882051
269,workbook,cmu1ovhxr003a04ldp8agy9or,9,,563073,565565,0.906504
270,workbook,cmu1ovi0m003b04ldefni16v0,9,,715910,717764,0.866310
271,workbook,cmu1ovi2u003c04ldjipms7kn,9,50,722483,724803,0.883929
272,workbook,cmu1ovi5s003d04ldh6w2e574,9,52,744240,747382,0.899281
273,workbook,cmu1ovi7n003e04ldyu6ky4ba,9,52,762124,762593,0.896552
274,workbook,cmu1ovi9y003f04ld5ifqelu6,9,,776406,779107,0.942748
275,workbook,cmu1ovidi003g04ldpny23h0s,9,,807968,809169,0.928571
276,workbook,cmu1ovif9003h04lduvaldc6d,9,,835301,836693,0.916084
277,workbook,cmu1ovih3003i04ldy0rjkz81,9,57,856248,857993,0.897849
278,workbook,cmu1ovikc003j04ld7b2fld94,9,,934574,936296,0.921348
279,workbook,cmu1ovipt003k04ld1deccepk,9,64,951058,952593,0.952941
280,workbook,cmu1ovity003l04ldioy1xp53,9,,1024234,1026735,0.924051
281,workbook,cmu1oviwd003m04ld8d9fufy9,9,71,1051914,1053086,0.941176
282,workbook,cmu1oviyi003n04ldqrhq1fqk,9,71,1053643,1056099,0.919643
283,workbook,cmu1ovj08003o04ld2ttrwoor,10,,57993,60031,0.883408
284,workbook,cmu1ovj2w003p04ldmbc0d7dk,10,,63552,66412,0.944030
285,workbook,cmu1ovj51003q04ld662e1p9y,10,,66785,71172,0.942857
286,workbook,cmu1ovj76003r04ldox266ex9,10,,72789,75262,0.932203
287,workbook,cmu1ovj9s003s04ld7x5rlan3,10,1,85885,88587,0.918919
288,workbook,cmu1ovjc2003t04ldx3oh1vcd,10,1,93638,94459,0.914286
289,workbook,cmu1ovjdw003u04ldtb67r5dv,10,1,95097,95727,0.965909
290,workbook,cmu1ovjfz003v04ldp6fsfjuy,10,1,96102,96947,0.925234
291,workbook,cmu1ovjhs003w04ldlgglx4d9,10,1,97452,98439,0.909836
292,workbook,cmu1ovjjm003x04ldd03looty,10,1,99164,100710,0.928571
293,workbook,cmu1ovjlo003y04ldsen95l4x,10,18,228180,229827,0.923913
294,workbook,cmu1ovjo1003z04lddqscniza,10,18,229951,230610,0.944444
295,workbook,cmu1ovjq8004004ldez6re9su,10,18,230710,232232,0.940828
296,workbook,cmu1ovjso004104ld02df6yw1,10,,249747,251127,0.945205
297,workbook,cmu1ovjui004204ldotbalpl0,10,,252527,253402,0.950980
298,workbook,cmu1ovjwm004304ldnsgcyhg5,10,,264428,265564,0.900000
299,workbook,cmu1ovjyj004404ldts4ma2z7,10,,267893,269228,0.946667
300,workbook,cmu1ovk14004504ldiph3pzya,10,,287443,288400,0.919643
301,workbook,cmu1ovk3d004604ldgdb59crc,10,,291143,291735,0.906667
302,workbook,cmu1ovk5e004704ldf1eirg6z,10,,293100,294347,0.890411
303,workbook,cmu1ovk7i004804ld2te2eo2h,10,,319954,322237,0.924779
304,workbook,cmu1ovka8004904ld8c2v69i6,10,,322321,322743,0.898305
305,workbook,cmu1ovke1004a04ldcqabzlxc,10,30,330488,330951,0.953125
306,workbook,cmu1ovkhp004b04ldodazxw4j,10,30,331047,332629,0.906977
307,workbook,cmu1ovkjy004c04ldcp8460n2,10,31,334746,336821,0.917476
308,workbook,cmu1ovkmj004d04lduc09zub7,10,,348047,350378,0.913793
309,workbook,cmu1ovkoc004e04ld2qlbopth,10,,394256,396154,0.908163
310,workbook,cmu1ovkqc004f04ldwla2pgxq,10,41,422959,423776,0.913462
311,workbook,cmu1ovksr004g04lde3dw5hhl,10,41,423883,424325,0.967213
312,workbook,cmu1ovkv1004h04ld5xu45zj6,10,44,450023,451459,0.943038
313,workbook,cmu1ovkxj004i04ldk51uczbj,10,44,451741,452360,0.925926
314,workbook,cmu1ovkzm004j04ld0gtn9i4v,10,54,565949,567414,0.933333
315,workbook,cmu1ovl1h004k04ld414co4qm,10,57,592220,595697,0.913846
316,workbook,cmu1ovl3s004l04ld4jmfi5il,10,57,597964,598823,0.945946
317,workbook,cmu1ovl5z004m04ldjakmdq8i,10,,602156,603448,0.944056
318,workbook,cmu1ovl98004n04lde3vess4x,10,,603620,609376,0.891892
319,workbook,cmu1ovlch004o04lduhjciock,10,62,647514,649107,0.937143
320,workbook,cmu1ovley004p04ldtm4pswxx,10,65,663973,665664,0.931579
321,workbook,cmu1ovlgx004q04ldscqd9dqf,10,65,666470,667830,0.900621
322,workbook,cmu1ovlit004r04ldt08sjqy8,11,,3147,4303,0.910569
323,workbook,cmu1ovlkx004s04ldv8l1qih2,11,,5095,6220,0.970588
324,workbook,cmu1ovlmz004t04ld46wnxbae,11,,36326,37074,0.904255
325,workbook,cmu1ovlos004u04ld0ybu8vl8,11,,39786,40810,0.895652
326,workbook,cmu1ovlqk004v04ldq1ww3ro1,11,,133293,133935,0.976190
327,workbook,cmu1ovlsn004w04ldn7lfz4eu,11,,223016,224677,0.943820
328,workbook,cmu1ovlva004x04ldywnb2f13,11,89,811094,813766,0.918440
329,workbook,cmu1ovlxw004y04ldexuxyo9d,12,,3168,4577,0.910959
330,workbook,cmu1ovm1x004z04ldgb23h44x,12,,4773,5330,0.936508
331,workbook,cmu1ovm3p005004ld577hje8r,12,,101773,105164,0.936842
332,workbook,cmu1ovm76005104ldnjp9vcox,12,7,140278,142155,0.922156
333,workbook,cmu1ovm94005204ldgzwd4f23,12,,151996,154387,0.938389
334,workbook,cmu1ovmbf005304ld4kvcbnjf,12,,169365,170109,0.953488
335,workbook,cmu1ovmd6005404ldvkbahki7,12,,172293,174158,0.922680
336,workbook,cmu1ovmgy005504ldxd564nmt,12,,207674,209906,0.924883
337,workbook,cmu1ovmj6005604ldcs6xtd1m,12,,230640,232749,0.925373
338,workbook,cmu1ovml3005704ldj4wxwfh7,12,,233244,234303,0.937500
339,workbook,cmu1ovmmx005804ldsqqy502e,12,,234797,236735,0.955307
340,workbook,cmu1ovmoo005904ldhmmwqffj,12,,242408,243887,0.930556
341,workbook,cmu1ovmq9005a04ldg4g6aef3,12,,255059,256558,0.927152
342,workbook,cmu1ovmrz005b04ldanynri31,12,,315496,318090,0.922727
343,workbook,cmu1ovmu4005c04ld6vgm252o,12,,329346,333688,0.930931
344,workbook,cmu1ovmw2005d04ldibmzlkvb,12,,334252,335374,0.975410
345,workbook,cmu1ovmxu005e04ldgmbew13e,12,,336712,339445,0.942222
346,workbook,cmu1ovmzv005f04ldqwnx2c52,12,,614970,616558,0.942675
347,workbook,cmu1ovn1v005g04ldox2hxkir,12,,618659,622569,0.927083
348,workbook,cmu1ovn41005h04ldkw4mmli7,12,,624113,629346,0.898010
349,workbook,cmu1ovn5r005i04ldaczs89zh,12,,861825,864649,0.952756
350,workbook,cmu1ovn7j005j04ldxp6y5yhy,12,,901474,902336,0.897727
351,workbook,cmu1ovn9l005k04ldu5kwxv0j,12,,956917,958311,0.923077
352,workbook,cmu1ovnck005l04ld5dwqcifw,12,100,1342811,1344383,0.939759
353,workbook,cmu1ovnea005m04ldojo11ft8,13,,2895,4002,0.934426
354,workbook,cmu1ovngf005n04ld2sevwd08,13,,4222,5192,0.938053
355,workbook,cmu1ovni8005o04ldmk3h2pej,13,,6174,6560,0.940000
356,workbook,cmu1ovnku005p04ldq02ghye3,13,,6579,7463,0.876106
357,workbook,cmu1ovnmj005q04ldsb0krso6,13,,9151,9380,0.875000
358,workbook,cmu1ovnp0005r04ldt0jddvji,13,,9447,10686,0.948148
359,workbook,cmu1ovnr1005s04ldd5l7dvly,13,,16655,17290,0.916667
360,workbook,cmu1ovnsp005t04ldd6g483ri,13,,17302,18112,0.921569
361,workbook,cmu1ovnus005u04ldlqwwkjhg,13,,18125,18463,0.921569
362,workbook,cmu1ovnwg005v04ld0j06fnku,13,,19232,20226,0.892562
363,workbook,cmu1ovnya005w04ldvkeailw9,13,,21436,22038,0.940299
364,workbook,cmu1ovo00005x04ldreaem47f,13,,22052,22748,0.925000
365,workbook,cmu1ovo25005y04ldp6gxwab4,13,,29969,30338,0.903846
366,workbook,cmu1ovo40005z04ldxppi2zgh,13,,31003,32219,0.884354
367,workbook,cmu1ovo5p006004ldpgilrbrw,13,,33509,34424,0.945455
368,workbook,cmu1ovo7w006104ldvxpyqi8b,13,,97137,99002,0.972826
369,workbook,cmu1ovo9p006204ldqn2c41a9,13,,114430,115123,0.907895
370,workbook,cmu1ovoby006304ld5bumas3b,13,,118249,118829,0.945946
371,workbook,cmu1ovoe3006404ldbeqq31gt,13,,147692,148556,0.918367
372,workbook,cmu1ovog5006504lds572o8ux,13,,152581,153715,0.970370
373,workbook,cmu1ovohw006604ldaasl8irx,13,,166728,168304,0.932203
374,workbook,cmu1ovok1006704ld13s4rvvy,13,,178717,180600,0.891429
375,workbook,cmu1ovolx006804ld7s77valj,13,,182693,183164,0.969231
376,workbook,cmu1ovonx006904ld2tcdt0eu,13,,196024,196797,0.900990
377,workbook,cmu1ovoq8006a04ld72kdkqo0,13,,196987,197774,0.917526
378,workbook,cmu1ovot9006b04ldfyohkln8,13,,215959,216500,0.949367
379,workbook,cmu1ovovg006c04ldquese4bu,13,,217726,218047,0.952381
380,workbook,cmu1ovoxq006d04ldpoo6i0qd,13,,218613,219117,0.925373
381,workbook,cmu1ovozq006e04ld8kze2e5a,13,,231288,232339,0.910448
382,workbook,cmu1ovp21006f04ld68ly5a76,13,,232765,233632,0.961538
383,workbook,cmu1ovp3p006g04ldbbbgxdv7,13,,234207,235651,0.936306
384,workbook,cmu1ovp5e006h04ldwjzr3usb,13,,254374,255286,0.935185
385,workbook,cmu1ovp7c006i04ld2jt486el,13,,255433,256475,0.921875
386,workbook,cmu1ovp9f006j04ldg62oizbu,13,,306790,307160,0.941176
387,workbook,cmu1ovpb5006k04ldc9jz8wn6,13,,307179,307995,0.931373
388,workbook,cmu1ovpdh006l04ldxdn2m3o2,13,,308308,309360,0.942149
389,workbook,cmu1ovpfh006m04ldpnrjmnxw,13,,309895,310703,0.979381
390,workbook,cmu1ovpho006n04ld7rkcljlc,13,,311169,311910,0.943182
391,workbook,cmu1ovpjg006o04ldkzunmh16,13,,318357,319765,0.943038
392,workbook,cmu1ovpli006p04ldw054yvn9,13,,326424,330694,0.920110
393,workbook,cmu1ovpnd006q04ldaeavvikg,13,,332231,332811,0.871795
394,workbook,cmu1ovpp7006r04ldnd4hghvm,13,,332812,333331,0.912281
395,workbook,cmu1ovpqv006s04ldfk125ko1,13,,334618,335514,0.943925
396,workbook,cmu1ovpso006t04ldnvsj4kob,13,,338731,339582,0.922330
397,workbook,cmu1ovpum006u04ld8rwesxqx,13,,340016,340894,0.953704
398,workbook,cmu1ovpxo006v04ldlthhn8b9,13,,348216,349644,0.916667
399,workbook,cmu1ovpzp006w04ld0pqhg4ts,13,,366474,367813,0.935065
400,workbook,cmu1ovq1f006x04ldysar1ma3,13,,371000,371641,0.860465
401,workbook,cmu1ovq3l006y04ldfmmn8j20,13,,386790,388510,0.928177
402,workbook,cmu1ovq5d006z04ld88pxzq1t,13,,388851,392365,0.899390
403,workbook,cmu1ovq78007004ldoj92o7c1,13,,424814,427584,0.932735
404,workbook,cmu1ovq9f007104ldz8s2n43k,13,,428300,429536,0.936937
405,workbook,cmu1ovqcy007204ldsso0q7i6,13,,480557,481208,0.954545
406,workbook,cmu1ovqeu007304ldd3r0k1l9,13,,497658,502298,0.927711
407,workbook,cmu1ovqgy007404ld3t2rm3rf,13,,503143,507059,0.877384
408,workbook,cmu1ovqj2007504ldp2xur6a2,14,,30476,31680,0.926471
409,workbook,cmu1ovqkw007604lddrpicvjt,14,2,40208,40887,0.928571
410,workbook,cmu1ovqp3007704ldra4mglxy,14,2,41010,42988,0.901478
411,workbook,cmu1ovqsa007804ldmwg93a8c,14,12,123660,124636,0.897436
412,workbook,cmu1ovqu5007904lddz9vbq5p,14,14,140822,141830,0.911765
413,workbook,cmu1ovqw5007a04ldsc49qrot,14,14,142155,143110,0.916667
414,workbook,cmu1ovqyx007b04ldvpugrdu3,14,19,202407,203474,0.868217
415,workbook,cmu1ovr0p007c04ldwrqkap3r,14,19,203725,204505,0.892473
416,workbook,cmu1ovr2s007d04ld218xevs0,14,21,229946,230777,0.922330
417,workbook,cmu1ovr4z007e04ldiw62fq2o,14,21,231122,232008,0.957983
418,workbook,cmu1ovr7v007f04lddw35dnm8,14,,261022,262869,0.897849
419,workbook,cmu1ovr9h007g04ld8f9ilyp8,14,29,281427,282235,0.944444
420,workbook,cmu1ovrbb007h04ldeq5v3hyj,14,29,282237,282645,0.933333
421,workbook,cmu1ovrd4007i04ldhnqwbf08,14,30,291229,291884,0.936709
422,workbook,cmu1ovrev007j04ldv0y5kon9,14,30,291885,292074,0.962963
423,workbook,cmu1ovrgm007k04ld4ide4ys9,14,,448776,449881,0.881890
424,workbook,cmu1ovrik007l04ldee9413bm,14,,450698,451431,0.897959
425,workbook,cmu1ovrk6007m04ld4qz6rh6i,14,,452107,452988,0.920792
426,workbook,cmu1ovrm2007n04ld15nmvkkf,14,47,462169,463127,0.909910
427,workbook,cmu1ovroh007o04ldqccaag5e,14,48,474846,476495,0.913978
428,workbook,cmu1ovrq5007p04ld7nsysiu7,14,49,481072,484757,0.904437
429,workbook,cmu1ovrrt007q04ldn954pzwh,14,49,484927,485181,0.897436
430,workbook,cmu1ovrtk007r04ldelsvs3cj,14,51,502647,503359,0.941860
431,workbook,cmu1ovrv4007s04ldb6hmp75b,14,51,503639,504014,0.940000
432,workbook,cmu1ovrxj007t04ldb66juzex,14,51,510632,511597,0.884956
433,workbook,cmu1ovrzf007u04ldm1odycrl,14,53,525873,526650,0.902174
434,workbook,cmu1ovs1c007v04ld34cuosiz,14,55,551814,552223,0.827586
435,workbook,cmu1ovs34007w04ld3k3befmi,14,55,559356,560851,0.921212
436,workbook,cmu1ovs66007x04ldyz9t62nr,14,55,560978,562371,0.905660
437,workbook,cmu1ovs8h007y04ldf489mhu9,14,56,566895,568144,0.934307
438,workbook,cmu1ovsc2007z04ldipdi30x6,14,56,568371,568825,0.947368
439,workbook,cmu1ovse6008004ld40v0yn7d,14,56,570658,571433,0.975610
440,workbook,cmu1ovshy008104ld4fomrkdm,14,56,572137,573452,0.924242
441,workbook,cmu1ovsju008204lddtqlp648,14,58,596542,597400,0.872549
442,workbook,cmu1ovsmu008304ldp91xju9n,14,58,597464,598434,0.915254
443,workbook,cmu1ovson008404ld2p794gkz,14,61,632884,633452,0.808219
444,workbook,cmu1ovsql008504ldazu06fcr,14,63,656708,658824,0.918660
445,workbook,cmu1ovss6008604ldcb0r02bk,14,63,659728,660454,0.940299
446,workbook,cmu1ovsuj008704ldhhjmvqx5,14,63,663637,664310,0.813953
447,workbook,cmu1ovsyi008804ldl29f7fz5,14,63,664815,665558,0.892473
448,workbook,cmu1ovt27008904ldx5bdhug0,14,64,674570,675478,0.929204
449,workbook,cmu1ovt53008a04ld9e6se096,14,64,675695,676531,0.950495
450,workbook,cmu1ovt7a008b04ldx58oz20i,14,64,677074,678163,0.915254
451,workbook,cmu1ovt99008c04ld71qttab0,14,66,691486,692986,0.957055
452,workbook,cmu1ovtv3008d04ld2kpqtmvo,14,,704858,706076,0.857143
453,workbook,cmu1ovtxl008e04ldn6o5dgib,14,70,721763,722984,0.965035
454,workbook,cmu1ovu09008f04ldwbo3rpok,14,73,766424,767364,0.910714
455,workbook,cmu1ovu25008g04ldzhecg20t,14,73,770659,771481,0.949495
456,workbook,cmu1ovu4r008h04ldcrpup5wu,14,73,771541,772203,0.950617
457,workbook,cmu1ovu7m008i04ldvcr99xc0,14,74,791206,794036,0.902724
