piece,passage_id,cohort,method,title_similarity
1,cmu6rke3v0000rs7gb11v5l75,catalogue,title,0.9571
2,cmu6rke4w0001rs7g7dcg7eby,catalogue,title,0.9429
3,cmu6rke5q0002rs7glj097cxv,catalogue,title,0.9711
4,cmu6rke6m0003rs7gztxqey7k,catalogue,title,0.9935
5,cmu6rke7f0004rs7g409q8a0k,catalogue,title,0.9419
6,cmu6rke8a0005rs7gd37vnofy,catalogue,title,0.977
7,cmu6rke950006rs7gb1ritrxq,catalogue,title,0.9545
8,cmu6rkea10007rs7gqgwa207h,catalogue,title,0.9369
9,cmu6rkeav0008rs7gjbfvn6pw,catalogue,title,0.9261
10,cmu6rkebm0009rs7gdav68xus,catalogue,title,0.978
11,cmu6rkece000ars7gh70zrt97,catalogue,title,0.992
12,cmu6rked7000brs7ginla3pqj,catalogue,title,0.9808
13,cmu6rkedz000crs7gf6k38spv,catalogue,title,0.9308
14,cmu6rkeer000drs7gbthpdurq,catalogue,title,0.907
15,cmu6rkefj000ers7gwoslyppm,catalogue,title,0.978
16,cmu6rkegb000frs7gicl6xrz6,catalogue,title,0.9907
17,cmu6rkeh6000grs7gfi4q46zh,catalogue,title,0.9827
18,cmu6rkehz000hrs7gcyoukbpu,catalogue,title,0.9634
19,cmu6rkeiq000irs7g99ub5i6y,catalogue,title,0.9784
20,cmu6rkekk000jrs7g0yyk6dca,catalogue,title,0.9922
21,cmu6rkelc000krs7g0z60ymps,catalogue,title,0.9946
22,cmu6rkem6000lrs7gfzw182y1,catalogue,title,1.0
23,cmu6rkemy000mrs7gqp7h05bb,catalogue,title,0.986
24,cmu6rkens000nrs7gxd0i82jb,catalogue,title,0.9602
25,cmu6rkeok000ors7gat6zpqv0,catalogue,title,0.9792
26,cmu6rkepc000prs7gxwts1032,catalogue,title,0.9793
27,cmu6rkeq3000qrs7guwno92ec,catalogue,title,0.9556
28,cmu6rkeqw000rrs7gw0z71e8l,catalogue,title,0.9417
29,cmu6rkerp000srs7gf1sglwkn,catalogue,title,0.9554
30,cmu6rkesh000trs7gx1umpchf,catalogue,title,0.966
31,cmu6rket9000urs7ge6e08rn9,catalogue,title,0.9722
32,cmu6rketz000vrs7g9z4b00hc,catalogue,title,0.9461
33,cmu6rkeut000wrs7gz2lj1asp,catalogue,title,0.9615
34,cmu6rkevm000xrs7gu29mlxp7,catalogue,title,0.9427
35,cmu6rkewg000yrs7gv8ox0g18,catalogue,title,0.8991
36,cmu6rkexh000zrs7gb665gu2w,catalogue,title,0.9481
37,cmu6rkey80010rs7go6i7dqb9,catalogue,title,0.9455
38,cmu6rkez00011rs7ghxu2nss6,catalogue,title,0.9682
39,cmu6rkf0m0013rs7gr8w7547p,catalogue,title,0.9591
40,cmu6rkf1d0014rs7g2ubhit9q,catalogue,title,0.9244
41,cmu6rkf260015rs7gxl8lx73d,catalogue,title,0.944
42,cmu6rkf2y0016rs7gyb5t8yqe,catalogue,title,1.0
43,cmu6rkf3r0017rs7gmaouaxnl,catalogue,title,0.9328
45,cmu6rkf4k0018rs7g82vjutw5,catalogue,title,0.9684
46,cmu6rkf5d0019rs7g55wp48wk,catalogue,title,0.9103
47,cmu6rkf67001ars7g5rbkdwte,catalogue,title,0.9571
48,cmu6rkf6z001brs7g9dirl50y,catalogue,title,0.94
49,cmu6rkf7s001crs7ga3g3p902,catalogue,title,0.9474
50,cmu6rkf8l001drs7gafoqtl44,catalogue,title,1.0
51,cmu6rkf9c001ers7gzdv9gwcv,catalogue,title,0.9579
52,cmu6rkfa6001frs7g4mck6pzy,catalogue,title,0.9534
53,cmu6rkfb1001grs7g3v6wucru,catalogue,title,0.9701
54,cmu6rkfbt001hrs7gha5nsf1k,catalogue,title,0.9355
55,cmu6rkfcm001irs7g5j792zvq,catalogue,title,0.961
56,cmu6rkfdc001jrs7gmc9p6tss,catalogue,title,0.9639
57,cmu6rkfe3001krs7gt4hoe51m,catalogue,title,0.8585
58,cmu6rkfet001lrs7gjvaw55dc,catalogue,title,0.9611
59,cmu6rkffl001mrs7g9z12ai9g,catalogue,title,0.9899
60,cmu6rkfgf001nrs7gh2ys8fbt,catalogue,title,0.9689
61,cmu6rkfh8001ors7g34a0arl7,catalogue,title,0.9045
62,cmu6rkfhz001prs7gzzadcmip,catalogue,title,0.9484
63,cmu6rkfiq001qrs7ghmkjsma3,catalogue,title,0.9489
64,cmu6rkfji001rrs7gszwrit4z,catalogue,title,0.8827
65,cmu6rkfkb001srs7gu7lyhnp0,catalogue,title,0.9434
69,cmu6rkfob001xrs7g23fjpsib,catalogue,title,0.8707
70,cmu6rkfp5001yrs7gwp5fgzgx,catalogue,title,0.9646
71,cmu6rkfpz001zrs7gtsouw0e6,catalogue,title,0.9734
72,cmu6rkfqq0020rs7g5jqb1lcq,catalogue,title,0.9568
73,cmu6rkfri0021rs7g3grn06qw,catalogue,title,0.9318
74,cmu6rkfsb0022rs7g39q4fvoy,catalogue,title,0.9793
75,cmu6rkft30023rs7g4akh8db6,catalogue,title,0.9884
76,cmu6rkftv0024rs7grxbv96z4,catalogue,title,0.9677
77,cmu6rkfun0025rs7gxo05c2vr,catalogue,title,0.9722
78,cmu6rkfve0026rs7gax1qciox,catalogue,title,0.9425
79,cmu6rkfw80027rs7g2chw368r,catalogue,title,0.9489
80,cmu6rkfx10028rs7gkjo6sdn8,catalogue,title,0.8724
81,cmu6rkfxu0029rs7g4ex00xpr,catalogue,title,0.9636
82,cmu6rkfym002ars7gcl9hnylb,catalogue,title,0.9293
83,cmu6rkg0d002crs7gu6srczt5,catalogue,title,0.9388
84,cmu6rkg15002drs7gpxd67wtx,catalogue,title,0.9589
85,cmu6rkg1z002ers7gjszhymqk,catalogue,title,0.9845
86,cmu6rkg2r002frs7g81lbfrg9,catalogue,title,0.9664
87,cmu6rkg3j002grs7gwrpnqiba,catalogue,title,0.9615
88,cmu6rkg4c002hrs7gg8n9l9za,catalogue,title,0.9862
89,cmu6rkg54002irs7gunw588t2,catalogue,title,0.9412
90,cmu6rkg5x002jrs7gv6lu6svw,catalogue,title,0.9762
91,cmu6rkg6o002krs7g4mxmz1gl,catalogue,title,0.99
92,cmu6rkg8o002lrs7gnsyayiey,catalogue,title,1.0
93,cmu6rkg9i002mrs7g5vhrbegr,catalogue,title,0.9751
94,cmu6rkgab002nrs7gm259ng1k,catalogue,title,0.9872
95,cmu6rkgb6002ors7gmw4xvvmh,catalogue,title,0.9866
96,cmu6rkgby002prs7g1jlo90vv,catalogue,title,0.9846
97,cmu6rkgcq002qrs7gxcfi7oan,catalogue,title,1.0
98,cmu6rkgdh002rrs7gsmpe54e2,catalogue,title,1.0
99,cmu6rkge8002srs7g723ntv5y,catalogue,title,1.0
100,cmu6rkgf1002trs7g7ue8sz7j,catalogue,title,1.0
101,cmu6rkgfv002urs7gk0fgcf0q,catalogue,title,1.0
102,cmu6rkggm002vrs7gp8ywmpmk,catalogue,title,1.0
103,cmu6rkghf002wrs7g416jod6m,catalogue,title,1.0
104,cmu6rkgi7002xrs7glh2gz1mw,catalogue,title,1.0
105,cmu6rkgj1002yrs7gb67t0mbj,catalogue,title,1.0
106,cmu6rkgjx002zrs7gtnwmxhav,catalogue,title,1.0
107,cmu6rkgkq0030rs7g8wxkp0io,catalogue,title,1.0
108,cmu6rkgli0031rs7g9kjk75k2,catalogue,title,1.0
109,cmu6rkgmc0032rs7gw3g7htqh,catalogue,title,1.0
110,cmu6rkgn40033rs7gesrvt4l3,catalogue,title,1.0
111,cmu6rkgnx0034rs7gr2jgwlzy,catalogue,title,1.0
112,cmu6rkgot0035rs7g3hvfcgms,catalogue,title,1.0
113,cmu6rkgpn0036rs7gulpbfej3,catalogue,title,1.0
114,cmu6rkgqh0037rs7g4qx56fic,catalogue,title,1.0
115,cmu6rkgrc0038rs7gp6q8c0sx,catalogue,title,1.0
116,cmu6rkgs70039rs7g61o6jx28,catalogue,title,1.0
117,cmu1ov2eo000004l9br0hguzm,workbook,position,1.0
118,cmu1ov2na000104l9reern2dp,workbook,position,1.0
119,cmu1ov2ry000204l99m7ppj6i,workbook,position,1.0
120,cmu1ov2wy000304l93tjbjegc,workbook,position,0.9959
121,cmu1ov2zh000404l96466re6r,workbook,position,1.0
122,cmu1ov320000504l9w8ssk3zh,workbook,position,1.0
123,cmu1ov34v000604l92cyuueoh,workbook,position,1.0
124,cmu1ov39r000704l9wrudoj4m,workbook,position,1.0
125,cmu1ov3gr000804l9xzfnvgxj,workbook,position,1.0
126,cmu1ov3o3000904l9xz2bqyak,workbook,position,1.0
127,cmu1ov3vd000a04l94he2w0k1,workbook,position,1.0
128,cmu1ov42p000b04l9m6ailkeq,workbook,position,1.0
129,cmu1ov4aa000c04l9g0frv4gy,workbook,position,1.0
130,cmu1ov4cu000d04l9a32pmndd,workbook,position,1.0
131,cmu1ov4hk000e04l9acujc9x7,workbook,position,1.0
132,cmu1ov4k0000f04l9bq6rci9c,workbook,position,1.0
133,cmu1ov4ox000g04l9l6e0yari,workbook,position,1.0
134,cmu1ov4sd000h04l9uduo93sq,workbook,position,1.0
135,cmu1ov4wn000i04l9wkj5k3hr,workbook,position,0.877
136,cmu1ov4z3000j04l9dj1n8gul,workbook,position,0.9984
137,cmu1ov53w000k04l9db3uvljk,workbook,position,1.0
138,cmu1ov561000l04l9bhsjkfqr,workbook,position,1.0
139,cmu1ov5b8000m04l9havov2im,workbook,position,1.0
140,cmu1ov5f4000n04l9lvbmaf4j,workbook,position,1.0
141,cmu1ov5ip000o04l9dphlw96b,workbook,position,1.0
142,cmu1ov5ly000p04l96qre6ga5,workbook,position,1.0
143,cmu1ov5q8000q04l95r4fl8kb,workbook,position,1.0
144,cmu1ov5xp000r04l9un9x7i4p,workbook,position,0.5172
145,cmu1ov602000s04l93d1fvqet,workbook,position,1.0
146,cmu1ov65t000t04l9mgq9fy52,workbook,position,1.0
147,cmu1ov6jx000u04l947ry1xha,workbook,position,1.0
148,cmu1ov6mi000v04l9i4lftfcv,workbook,position,1.0
149,cmu1ov6r5000w04l90o1mxe02,workbook,position,1.0
150,cmu1ov6wm000x04l9327maq0r,workbook,position,0.9935
151,cmu1ov7ze000004ld7yp3cue9,workbook,position,1.0
152,cmu1ov83n000104ld99uhx0b7,workbook,position,1.0
153,cmu1ov88j000204ldr1qsgtbq,workbook,position,1.0
154,cmu1ov8ej000304ldnahomaag,workbook,position,1.0
155,cmu1ov8pz000404ldlmf1u1w6,workbook,position,0.996
156,cmu1ov8xu000504ldxek4bung,workbook,position,1.0
157,cmu1ov94k000604ldv6lro5qh,workbook,position,1.0
158,cmu1ov9b2000704ldd9frtz1z,workbook,position,1.0
159,cmu1ov9df000804ld0as3s7uz,workbook,position,1.0
160,cmu1ov9hf000904ldnapqw150,workbook,position,1.0
161,cmu1ov9jl000a04lddqtkix8u,workbook,position,1.0
162,cmu1ov9nx000b04ldopibov69,workbook,position,1.0
163,cmu1ov9py000c04ldnlmsrlp5,workbook,position,1.0
164,cmu1ov9tx000d04ldfuptnykn,workbook,position,1.0
165,cmu1ov9vn000e04ldw2lokx0a,workbook,position,1.0
166,cmu1ova1n000f04ldixme4ie3,workbook,position,1.0
167,cmu1ova78000g04ldpbmwhkfj,workbook,position,1.0
168,cmu1ova95000h04ldqrk5bupc,workbook,position,0.9967
169,cmu1ovada000i04lddlfwu4t8,workbook,position,1.0
170,cmu1ovafa000j04ld7s42evyp,workbook,position,1.0
171,cmu1ovajt000k04ldzbz6zgae,workbook,position,1.0
172,cmu1ovam3000l04ld55x2biho,workbook,position,1.0
173,cmu1ovaq6000m04ldh0kptp5s,workbook,position,1.0
174,cmu1ovawr000n04ldmmiitn37,workbook,position,1.0
175,cmu1ovb34000o04lddv38vs6g,workbook,position,1.0
176,cmu1ovb5e000p04ld3wu70ymf,workbook,position,1.0
177,cmu1ovb9j000q04ld2ludgo8m,workbook,position,1.0
178,cmu1ovbbi000r04ldqofxeqdj,workbook,position,0.9907
179,cmu1ovbh2000s04ld8bkbatpf,workbook,position,1.0
180,cmu1ovbjv000t04ld65fghibb,workbook,position,1.0
181,cmu1ovbmo000u04ld611rnjed,workbook,position,1.0
182,cmu1ovbpn000v04ld8cn4u8wh,workbook,position,1.0
183,cmu1ovbrh000w04ldsyoyuqxd,workbook,position,0.9965
184,cmu1ovbta000x04ldlaa44sfn,workbook,position,1.0
185,cmu1ovbv4000y04ldwn4xzbn6,workbook,position,1.0
186,cmu1ovbxn000z04ldth3trdag,workbook,position,1.0
187,cmu1ovbzt001004ld9y65klzo,workbook,position,1.0
188,cmu1ovc3s001104ld4niankn3,workbook,position,1.0
189,cmu1ovc6l001204ld7u929wi4,workbook,position,1.0
190,cmu1ovcc3001304ldxx43khuo,workbook,position,1.0
191,cmu1ovcg0001404ldc94r970p,workbook,position,1.0
192,cmu1ovcll001504ldyt3e9mxi,workbook,position,1.0
193,cmu1ovcnz001604ldq3pe7jck,workbook,position,1.0
194,cmu1ovcry001704ldcnil11ci,workbook,position,1.0
195,cmu1ovcur001804ldipqe6sll,workbook,position,1.0
196,cmu1ovcye001904ld0tyvmdlj,workbook,position,1.0
197,cmu1ovd12001a04ldofhoftcs,workbook,position,1.0
198,cmu1ovd4o001b04ldfkdz5our,workbook,position,1.0
199,cmu1ovd6z001c04ldnquvrd5b,workbook,position,1.0
200,cmu1ovd96001d04ld14rxan78,workbook,position,1.0
201,cmu1ovdbl001e04ldkuq09tht,workbook,position,1.0
202,cmu1ovddg001f04ldy7jlijt9,workbook,position,1.0
203,cmu1ovdfb001g04ldb1gl4wf1,workbook,position,1.0
204,cmu1ovdh3001h04ldyz2bxw5s,workbook,position,0.9518
205,cmu1ovdiw001i04lda29yzpb1,workbook,position,1.0
206,cmu1ovdl1001j04ldeiq7n2tb,workbook,position,1.0
207,cmu1ovdnb001k04ldaf2z7p4w,workbook,position,0.9975
208,cmu1ovdp7001l04ldt0r9cod9,workbook,position,1.0
209,cmu1ovdrx001m04ldka4j01o3,workbook,position,1.0
210,cmu1ovduz001n04ld19b2kdcu,workbook,position,1.0
211,cmu1ovdyq001o04ldp9zy97nl,workbook,position,1.0
212,cmu1ove1x001p04ldorao1tw4,workbook,position,1.0
213,cmu1ove4j001q04ldnu3l34ln,workbook,position,1.0
214,cmu1ove6g001r04lduelftgwv,workbook,position,1.0
215,cmu1ove92001s04ld9ddajwsy,workbook,position,1.0
216,cmu1oveaz001t04ld8l1j2lf9,workbook,position,1.0
217,cmu1oved3001u04ldz5zhw1v4,workbook,position,1.0
218,cmu1ovef5001v04ldxczg74ds,workbook,position,1.0
219,cmu1oveh5001w04ldg3wni3g6,workbook,position,1.0
220,cmu1ovejf001x04ld58q9jiwc,workbook,position,1.0
221,cmu1ovep6001y04ldm76p9k9c,workbook,position,1.0
222,cmu1over3001z04ldfjfzcooz,workbook,position,1.0
223,cmu1ovetc002004ldzvmoexpt,workbook,position,1.0
224,cmu1ovevo002104ldhvjkslqm,workbook,position,1.0
225,cmu1ovexr002204ldd4wmetnd,workbook,position,1.0
226,cmu1ovf38002304ld3fs8615c,workbook,position,1.0
227,cmu1ovf8a002404ld4axvzsr9,workbook,position,1.0
228,cmu1ovfax002504ldq6l8l1pu,workbook,position,1.0
229,cmu1ovfeu002604ld2iggyglj,workbook,position,0.9925
230,cmu1ovfig002704ld1jwppble,workbook,position,1.0
231,cmu1ovflk002804ldk8px2zyk,workbook,position,1.0
232,cmu1ovfox002904ldvzzb19an,workbook,position,1.0
233,cmu1ovfr5002a04ld48dse6yf,workbook,position,1.0
234,cmu1ovftm002b04ld7s8xvkv8,workbook,position,0.9979
235,cmu1ovfvi002c04ld86uhmgv0,workbook,position,1.0
236,cmu1ovfyd002d04ldw5dau9yl,workbook,position,0.9951
237,cmu1ovg0b002e04ldb47t4gug,workbook,position,1.0
238,cmu1ovg3c002f04ldeuzjq7f5,workbook,position,1.0
239,cmu1ovg57002g04ldv6manxe5,workbook,position,1.0
240,cmu1ovg6w002h04ldueysd60g,workbook,position,1.0
241,cmu1ovg8t002i04ldg3cuk6lz,workbook,position,1.0
242,cmu1ovgal002j04lddn3mrclj,workbook,position,1.0
243,cmu1ovgcp002k04ldfxefcq57,workbook,position,1.0
244,cmu1ovgep002l04ldq8k3e7f3,workbook,position,1.0
245,cmu1ovggi002m04ldr7sao9kc,workbook,position,1.0
246,cmu1ovgid002n04ldyvix1anj,workbook,position,1.0
247,cmu1ovgk9002o04ldbt8mc3l2,workbook,position,1.0
248,cmu1ovgmc002p04ldzvz6nl9s,workbook,position,1.0
249,cmu1ovgot002q04ldx660n9nu,workbook,position,1.0
250,cmu1ovgqn002r04ldf1pdyrvn,workbook,position,0.8129
251,cmu1ovgt0002s04ldl9nqlgkw,workbook,position,1.0
252,cmu1ovgv9002t04ldrrpzycgj,workbook,position,1.0
253,cmu1ovgx2002u04lddg6k2ejk,workbook,position,1.0
254,cmu1ovgz1002v04ldw6ti2kkq,workbook,position,1.0
255,cmu1ovh1o002w04lddn02bnw8,workbook,position,1.0
256,cmu1ovh43002x04ldrnngijfc,workbook,position,1.0
257,cmu1ovh6t002y04lddcr8thgl,workbook,position,1.0
258,cmu1ovh8t002z04ldukjgqgoe,workbook,position,1.0
259,cmu1ovhbx003004ldqz806k4b,workbook,position,1.0
260,cmu1ovhe8003104ldri8dpkur,workbook,position,1.0
261,cmu1ovhhf003204ldmnk5r1gk,workbook,position,1.0
262,cmu1ovhje003304ldo0c6oyho,workbook,position,1.0
263,cmu1ovhlo003404ld8jmxe4vo,workbook,position,1.0
264,cmu1ovhnu003504ld7gslrfpt,workbook,position,1.0
265,cmu1ovhpp003604ld5yfbqee7,workbook,position,1.0
266,cmu1ovhrp003704ldda630xxb,workbook,position,1.0
267,cmu1ovhtr003804ldro0q9cju,workbook,position,1.0
268,cmu1ovhvr003904lddx1c3mif,workbook,position,1.0
269,cmu1ovhxr003a04ldp8agy9or,workbook,position,1.0
270,cmu1ovi0m003b04ldefni16v0,workbook,position,1.0
271,cmu1ovi2u003c04ldjipms7kn,workbook,position,1.0
272,cmu1ovi5s003d04ldh6w2e574,workbook,position,1.0
273,cmu1ovi7n003e04ldyu6ky4ba,workbook,position,1.0
274,cmu1ovi9y003f04ld5ifqelu6,workbook,position,1.0
275,cmu1ovidi003g04ldpny23h0s,workbook,position,1.0
276,cmu1ovif9003h04lduvaldc6d,workbook,position,1.0
277,cmu1ovih3003i04ldy0rjkz81,workbook,position,1.0
278,cmu1ovikc003j04ld7b2fld94,workbook,position,1.0
279,cmu1ovipt003k04ld1deccepk,workbook,position,1.0
280,cmu1ovity003l04ldioy1xp53,workbook,position,1.0
281,cmu1oviwd003m04ld8d9fufy9,workbook,position,1.0
282,cmu1oviyi003n04ldqrhq1fqk,workbook,position,1.0
283,cmu1ovj08003o04ld2ttrwoor,workbook,position,1.0
284,cmu1ovj2w003p04ldmbc0d7dk,workbook,position,1.0
285,cmu1ovj51003q04ld662e1p9y,workbook,position,1.0
286,cmu1ovj76003r04ldox266ex9,workbook,position,1.0
287,cmu1ovj9s003s04ld7x5rlan3,workbook,position,1.0
288,cmu1ovjc2003t04ldx3oh1vcd,workbook,position,1.0
289,cmu1ovjdw003u04ldtb67r5dv,workbook,position,1.0
290,cmu1ovjfz003v04ldp6fsfjuy,workbook,position,1.0
291,cmu1ovjhs003w04ldlgglx4d9,workbook,position,1.0
292,cmu1ovjjm003x04ldd03looty,workbook,position,1.0
293,cmu1ovjlo003y04ldsen95l4x,workbook,position,1.0
294,cmu1ovjo1003z04lddqscniza,workbook,position,1.0
295,cmu1ovjq8004004ldez6re9su,workbook,position,1.0
296,cmu1ovjso004104ld02df6yw1,workbook,position,1.0
297,cmu1ovjui004204ldotbalpl0,workbook,position,1.0
298,cmu1ovjwm004304ldnsgcyhg5,workbook,position,1.0
299,cmu1ovjyj004404ldts4ma2z7,workbook,position,1.0
300,cmu1ovk14004504ldiph3pzya,workbook,position,1.0
301,cmu1ovk3d004604ldgdb59crc,workbook,position,1.0
302,cmu1ovk5e004704ldf1eirg6z,workbook,position,1.0
303,cmu1ovk7i004804ld2te2eo2h,workbook,position,1.0
304,cmu1ovka8004904ld8c2v69i6,workbook,position,1.0
305,cmu1ovke1004a04ldcqabzlxc,workbook,position,1.0
306,cmu1ovkhp004b04ldodazxw4j,workbook,position,1.0
307,cmu1ovkjy004c04ldcp8460n2,workbook,position,1.0
308,cmu1ovkmj004d04lduc09zub7,workbook,position,1.0
309,cmu1ovkoc004e04ld2qlbopth,workbook,position,1.0
310,cmu1ovkqc004f04ldwla2pgxq,workbook,position,1.0
311,cmu1ovksr004g04lde3dw5hhl,workbook,position,1.0
312,cmu1ovkv1004h04ld5xu45zj6,workbook,position,1.0
313,cmu1ovkxj004i04ldk51uczbj,workbook,position,1.0
314,cmu1ovkzm004j04ld0gtn9i4v,workbook,position,1.0
315,cmu1ovl1h004k04ld414co4qm,workbook,position,1.0
316,cmu1ovl3s004l04ld4jmfi5il,workbook,position,1.0
317,cmu1ovl5z004m04ldjakmdq8i,workbook,position,1.0
318,cmu1ovl98004n04lde3vess4x,workbook,position,1.0
319,cmu1ovlch004o04lduhjciock,workbook,position,1.0
320,cmu1ovley004p04ldtm4pswxx,workbook,position,1.0
321,cmu1ovlgx004q04ldscqd9dqf,workbook,position,1.0
322,cmu1ovlit004r04ldt08sjqy8,workbook,position,1.0
323,cmu1ovlkx004s04ldv8l1qih2,workbook,position,1.0
324,cmu1ovlmz004t04ld46wnxbae,workbook,position,1.0
325,cmu1ovlos004u04ld0ybu8vl8,workbook,position,1.0
326,cmu1ovlqk004v04ldq1ww3ro1,workbook,position,1.0
327,cmu1ovlsn004w04ldn7lfz4eu,workbook,position,1.0
328,cmu1ovlva004x04ldywnb2f13,workbook,position,1.0
329,cmu1ovlxw004y04ldexuxyo9d,workbook,position,1.0
330,cmu1ovm1x004z04ldgb23h44x,workbook,position,1.0
331,cmu1ovm3p005004ld577hje8r,workbook,position,1.0
332,cmu1ovm76005104ldnjp9vcox,workbook,position,1.0
333,cmu1ovm94005204ldgzwd4f23,workbook,position,1.0
334,cmu1ovmbf005304ld4kvcbnjf,workbook,position,1.0
335,cmu1ovmd6005404ldvkbahki7,workbook,position,1.0
336,cmu1ovmgy005504ldxd564nmt,workbook,position,0.9767
337,cmu1ovmj6005604ldcs6xtd1m,workbook,position,1.0
338,cmu1ovml3005704ldj4wxwfh7,workbook,position,1.0
339,cmu1ovmmx005804ldsqqy502e,workbook,position,1.0
340,cmu1ovmoo005904ldhmmwqffj,workbook,position,1.0
341,cmu1ovmq9005a04ldg4g6aef3,workbook,position,1.0
342,cmu1ovmrz005b04ldanynri31,workbook,position,1.0
343,cmu1ovmu4005c04ld6vgm252o,workbook,position,1.0
344,cmu1ovmw2005d04ldibmzlkvb,workbook,position,1.0
345,cmu1ovmxu005e04ldgmbew13e,workbook,position,1.0
346,cmu1ovmzv005f04ldqwnx2c52,workbook,position,1.0
347,cmu1ovn1v005g04ldox2hxkir,workbook,position,1.0
348,cmu1ovn41005h04ldkw4mmli7,workbook,position,1.0
349,cmu1ovn5r005i04ldaczs89zh,workbook,position,1.0
350,cmu1ovn7j005j04ldxp6y5yhy,workbook,position,1.0
351,cmu1ovn9l005k04ldu5kwxv0j,workbook,position,1.0
352,cmu1ovnck005l04ld5dwqcifw,workbook,position,1.0
353,cmu1ovnea005m04ldojo11ft8,workbook,position,1.0
354,cmu1ovngf005n04ld2sevwd08,workbook,position,1.0
355,cmu1ovni8005o04ldmk3h2pej,workbook,position,1.0
356,cmu1ovnku005p04ldq02ghye3,workbook,position,1.0
357,cmu1ovnmj005q04ldsb0krso6,workbook,position,1.0
358,cmu1ovnp0005r04ldt0jddvji,workbook,position,1.0
359,cmu1ovnr1005s04ldd5l7dvly,workbook,position,1.0
360,cmu1ovnsp005t04ldd6g483ri,workbook,position,1.0
361,cmu1ovnus005u04ldlqwwkjhg,workbook,position,1.0
362,cmu1ovnwg005v04ld0j06fnku,workbook,position,1.0
363,cmu1ovnya005w04ldvkeailw9,workbook,position,1.0
364,cmu1ovo00005x04ldreaem47f,workbook,position,1.0
365,cmu1ovo25005y04ldp6gxwab4,workbook,position,1.0
366,cmu1ovo40005z04ldxppi2zgh,workbook,position,1.0
367,cmu1ovo5p006004ldpgilrbrw,workbook,position,1.0
368,cmu1ovo7w006104ldvxpyqi8b,workbook,position,1.0
369,cmu1ovo9p006204ldqn2c41a9,workbook,position,1.0
370,cmu1ovoby006304ld5bumas3b,workbook,position,1.0
371,cmu1ovoe3006404ldbeqq31gt,workbook,position,1.0
372,cmu1ovog5006504lds572o8ux,workbook,position,1.0
373,cmu1ovohw006604ldaasl8irx,workbook,position,1.0
374,cmu1ovok1006704ld13s4rvvy,workbook,position,1.0
375,cmu1ovolx006804ld7s77valj,workbook,position,1.0
376,cmu1ovonx006904ld2tcdt0eu,workbook,position,1.0
377,cmu1ovoq8006a04ld72kdkqo0,workbook,position,1.0
378,cmu1ovot9006b04ldfyohkln8,workbook,position,1.0
379,cmu1ovovg006c04ldquese4bu,workbook,position,1.0
380,cmu1ovoxq006d04ldpoo6i0qd,workbook,position,1.0
381,cmu1ovozq006e04ld8kze2e5a,workbook,position,1.0
382,cmu1ovp21006f04ld68ly5a76,workbook,position,1.0
383,cmu1ovp3p006g04ldbbbgxdv7,workbook,position,1.0
384,cmu1ovp5e006h04ldwjzr3usb,workbook,position,1.0
385,cmu1ovp7c006i04ld2jt486el,workbook,position,1.0
386,cmu1ovp9f006j04ldg62oizbu,workbook,position,1.0
387,cmu1ovpb5006k04ldc9jz8wn6,workbook,position,1.0
388,cmu1ovpdh006l04ldxdn2m3o2,workbook,position,1.0
389,cmu1ovpfh006m04ldpnrjmnxw,workbook,position,1.0
390,cmu1ovpho006n04ld7rkcljlc,workbook,position,1.0
391,cmu1ovpjg006o04ldkzunmh16,workbook,position,1.0
392,cmu1ovpli006p04ldw054yvn9,workbook,position,1.0
393,cmu1ovpnd006q04ldaeavvikg,workbook,position,1.0
394,cmu1ovpp7006r04ldnd4hghvm,workbook,position,1.0
395,cmu1ovpqv006s04ldfk125ko1,workbook,position,1.0
396,cmu1ovpso006t04ldnvsj4kob,workbook,position,1.0
397,cmu1ovpum006u04ld8rwesxqx,workbook,position,1.0
398,cmu1ovpxo006v04ldlthhn8b9,workbook,position,1.0
399,cmu1ovpzp006w04ld0pqhg4ts,workbook,position,1.0
400,cmu1ovq1f006x04ldysar1ma3,workbook,position,1.0
401,cmu1ovq3l006y04ldfmmn8j20,workbook,position,1.0
402,cmu1ovq5d006z04ld88pxzq1t,workbook,position,1.0
403,cmu1ovq78007004ldoj92o7c1,workbook,position,1.0
404,cmu1ovq9f007104ldz8s2n43k,workbook,position,1.0
405,cmu1ovqcy007204ldsso0q7i6,workbook,position,1.0
406,cmu1ovqeu007304ldd3r0k1l9,workbook,position,1.0
407,cmu1ovqgy007404ld3t2rm3rf,workbook,position,1.0
408,cmu1ovqj2007504ldp2xur6a2,workbook,position,1.0
409,cmu1ovqkw007604lddrpicvjt,workbook,position,1.0
410,cmu1ovqp3007704ldra4mglxy,workbook,position,1.0
411,cmu1ovqsa007804ldmwg93a8c,workbook,position,1.0
412,cmu1ovqu5007904lddz9vbq5p,workbook,position,1.0
413,cmu1ovqw5007a04ldsc49qrot,workbook,position,1.0
414,cmu1ovqyx007b04ldvpugrdu3,workbook,position,1.0
415,cmu1ovr0p007c04ldwrqkap3r,workbook,position,1.0
416,cmu1ovr2s007d04ld218xevs0,workbook,position,1.0
417,cmu1ovr4z007e04ldiw62fq2o,workbook,position,1.0
418,cmu1ovr7v007f04lddw35dnm8,workbook,position,1.0
419,cmu1ovr9h007g04ld8f9ilyp8,workbook,position,1.0
420,cmu1ovrbb007h04ldeq5v3hyj,workbook,position,1.0
421,cmu1ovrd4007i04ldhnqwbf08,workbook,position,0.9667
422,cmu1ovrev007j04ldv0y5kon9,workbook,position,1.0
423,cmu1ovrgm007k04ld4ide4ys9,workbook,position,0.9529
424,cmu1ovrik007l04ldee9413bm,workbook,position,1.0
425,cmu1ovrk6007m04ld4qz6rh6i,workbook,position,1.0
426,cmu1ovrm2007n04ld15nmvkkf,workbook,position,1.0
427,cmu1ovroh007o04ldqccaag5e,workbook,position,1.0
428,cmu1ovrq5007p04ld7nsysiu7,workbook,position,1.0
429,cmu1ovrrt007q04ldn954pzwh,workbook,position,1.0
430,cmu1ovrtk007r04ldelsvs3cj,workbook,position,0.9986
431,cmu1ovrv4007s04ldb6hmp75b,workbook,position,1.0
432,cmu1ovrxj007t04ldb66juzex,workbook,position,1.0
433,cmu1ovrzf007u04ldm1odycrl,workbook,position,1.0
434,cmu1ovs1c007v04ld34cuosiz,workbook,position,1.0
435,cmu1ovs34007w04ld3k3befmi,workbook,position,1.0
436,cmu1ovs66007x04ldyz9t62nr,workbook,position,1.0
437,cmu1ovs8h007y04ldf489mhu9,workbook,position,1.0
438,cmu1ovsc2007z04ldipdi30x6,workbook,position,0.9979
439,cmu1ovse6008004ld40v0yn7d,workbook,position,1.0
440,cmu1ovshy008104ld4fomrkdm,workbook,position,1.0
441,cmu1ovsju008204lddtqlp648,workbook,position,1.0
442,cmu1ovsmu008304ldp91xju9n,workbook,position,1.0
443,cmu1ovson008404ld2p794gkz,workbook,position,1.0
444,cmu1ovsql008504ldazu06fcr,workbook,position,1.0
445,cmu1ovss6008604ldcb0r02bk,workbook,position,1.0
446,cmu1ovsuj008704ldhhjmvqx5,workbook,position,1.0
447,cmu1ovsyi008804ldl29f7fz5,workbook,position,1.0
448,cmu1ovt27008904ldx5bdhug0,workbook,position,1.0
449,cmu1ovt53008a04ld9e6se096,workbook,position,1.0
450,cmu1ovt7a008b04ldx58oz20i,workbook,position,1.0
451,cmu1ovt99008c04ld71qttab0,workbook,position,1.0
452,cmu1ovtv3008d04ld2kpqtmvo,workbook,position,1.0
453,cmu1ovtxl008e04ldn6o5dgib,workbook,position,1.0
454,cmu1ovu09008f04ldwbo3rpok,workbook,position,1.0
455,cmu1ovu25008g04ldzhecg20t,workbook,position,0.9002
456,cmu1ovu4r008h04ldcrpup5wu,workbook,position,1.0
457,cmu1ovu7m008i04ldvcr99xc0,workbook,position,0.9432
